Case ID	Sample ID	Sample Type	Aliquot ID	Experimental Strategy
ALCH-ABXE	ALCH-ABXE-TTP1-A	Primary Tumor	ALCH-ABXE-TTP1-A-1-0-R-A561-41	mRNA-Seq
ALCH-ABYN	ALCH-ABYN-TTP1-A	FFPE Scrolls	ALCH-ABYN-TTP1-A-1-0-R-A562-41	mRNA-Seq
ALCH-AC61	ALCH-AC61-TTP1-A	Primary Tumor	ALCH-AC61-TTP1-A-1-0-R-A562-41	mRNA-Seq
ALCH-AE4V	ALCH-AE4V-TTP1-A	Primary Tumor	ALCH-AE4V-TTP1-A-1-0-R-A606-41	mRNA-Seq
ALCH-AEBW	ALCH-AEBW-TTP1-A	Primary Tumor	ALCH-AEBW-TTP1-A-1-0-R-A619-41	mRNA-Seq
ALCH-B1YC	ALCH-B1YC-TTP1-A	FFPE Scrolls	ALCH-B1YC-TTP1-A-1-0-R-A77A-41	mRNA-Seq
ALCH-B1RM	ALCH-B1RM-TTP1-A	FFPE Scrolls	ALCH-B1RM-TTP1-A-1-0-R-A778-41	mRNA-Seq
ALCH-AD96	ALCH-AD96-TTR1-A	FFPE Recurrent	ALCH-AD96-TTR1-A-1-0-R-A708-41	mRNA-Seq
ALCH-ADOQ	ALCH-ADOQ-TTP1-A	Primary Tumor	ALCH-ADOQ-TTP1-A-1-0-R-A583-41	mRNA-Seq
ALCH-ABEK	ALCH-ABEK-TTP1-A	Primary Tumor	ALCH-ABEK-TTP1-A-1-0-R-A559-41	mRNA-Seq
ALCH-AETE	ALCH-AETE-TTP1-A	Primary Tumor	ALCH-AETE-TTP1-A-1-0-R-A659-41	mRNA-Seq
ALCH-ADHL	ALCH-ADHL-TTP1-A	Primary Tumor	ALCH-ADHL-TTP1-A-1-0-R-A566-41	mRNA-Seq
ALCH-B2Q4	ALCH-B2Q4-TTP1-A	Primary Tumor	ALCH-B2Q4-TTP1-A-1-0-R-A781-41	mRNA-Seq
ALCH-ACI9	ALCH-ACI9-TTP1-A	Primary Tumor	ALCH-ACI9-TTP1-A-1-0-R-A555-41	mRNA-Seq
ALCH-B2O8	ALCH-B2O8-TTP1-A	FFPE Scrolls	ALCH-B2O8-TTP1-A-1-0-R-A77L-41	mRNA-Seq
ALCH-AC3N	ALCH-AC3N-TTP1-A	Primary Tumor	ALCH-AC3N-TTP1-A-1-0-R-A562-41	mRNA-Seq
ALCH-ABYN	ALCH-ABYN-TTR1-A	FFPE Recurrent	ALCH-ABYN-TTR1-A-1-0-R-A558-41	mRNA-Seq
ALCH-AF1G	ALCH-AF1G-TTP1-A	Primary Tumor	ALCH-AF1G-TTP1-A-1-0-R-A659-41	mRNA-Seq
ALCH-B1J3	ALCH-B1J3-TTP1-A	Primary Tumor	ALCH-B1J3-TTP1-A-1-0-R-A707-41	mRNA-Seq
ALCH-B1TU	ALCH-B1TU-TTP1-A	Primary Tumor	ALCH-B1TU-TTP1-A-1-0-R-A778-41	mRNA-Seq
ALCH-B04B	ALCH-B04B-TTP1-A	Primary Tumor	ALCH-B04B-TTP1-A-1-0-R-A681-41	mRNA-Seq
ALCH-ADX0	ALCH-ADX0-TTP1-A	Primary Tumor	ALCH-ADX0-TTP1-A-1-0-R-A588-41	mRNA-Seq
ALCH-B02J	ALCH-B02J-TTP1-A	Primary Tumor	ALCH-B02J-TTP1-A-1-0-R-A681-41	mRNA-Seq
ALCH-ADMU	ALCH-ADMU-TTP1-A	Primary Tumor	ALCH-ADMU-TTP1-A-1-0-R-A558-41	mRNA-Seq
ALCH-ABFV	ALCH-ABFV-TTP1-A	Primary Tumor	ALCH-ABFV-TTP1-A-1-0-R-A560-41	mRNA-Seq
ALCH-B049	ALCH-B049-TTP1-A	Primary Tumor	ALCH-B049-TTP1-A-1-0-R-A681-41	mRNA-Seq
ALCH-ABGT	ALCH-ABGT-TTP1-A	Primary Tumor	ALCH-ABGT-TTP1-A-3-0-R-A560-41	mRNA-Seq
ALCH-AC0Z	ALCH-AC0Z-TTR1-A	FFPE Recurrent	ALCH-AC0Z-TTR1-A-1-0-R-A588-41	mRNA-Seq
ALCH-B1V7	ALCH-B1V7-TTP1-A	FFPE Scrolls	ALCH-B1V7-TTP1-A-1-0-R-A778-41	mRNA-Seq
ALCH-AESL	ALCH-AESL-TTP1-A	Primary Tumor	ALCH-AESL-TTP1-A-1-0-R-A659-41	mRNA-Seq
ALCH-AEPW	ALCH-AEPW-TTP1-A	Primary Tumor	ALCH-AEPW-TTP1-A-1-0-R-A638-41	mRNA-Seq
ALCH-B0DV	ALCH-B0DV-TTP1-A	Primary Tumor	ALCH-B0DV-TTP1-A-1-0-R-A696-41	mRNA-Seq
ALCH-B04E	ALCH-B04E-TTP1-A	Primary Tumor	ALCH-B04E-TTP1-A-1-0-R-A681-41	mRNA-Seq
ALCH-ABNW	ALCH-ABNW-TTP1-A	Primary Tumor	ALCH-ABNW-TTP1-A-1-0-R-A560-41	mRNA-Seq
ALCH-AEKP	ALCH-AEKP-TTP1-A	Primary Tumor	ALCH-AEKP-TTP1-A-1-0-R-A638-41	mRNA-Seq
ALCH-AD8J	ALCH-AD8J-TTP1-A	FFPE Scrolls	ALCH-AD8J-TTP1-A-1-0-R-A556-41	mRNA-Seq
ALCH-AE7N	ALCH-AE7N-TTP1-A	Primary Tumor	ALCH-AE7N-TTP1-A-1-0-R-A607-41	mRNA-Seq
ALCH-B2DP	ALCH-B2DP-TTP1-A	Primary Tumor	ALCH-B2DP-TTP1-A-1-0-R-A77L-41	mRNA-Seq
ALCH-AEJX	ALCH-AEJX-TTP1-A	Primary Tumor	ALCH-AEJX-TTP1-A-1-0-R-A638-41	mRNA-Seq
ALCH-AD77	ALCH-AD77-TTP1-A	FFPE Scrolls	ALCH-AD77-TTP1-A-1-0-R-A556-41	mRNA-Seq
ALCH-AFDY	ALCH-AFDY-TTP1-A	Primary Tumor	ALCH-AFDY-TTP1-A-3-0-R-A681-41	mRNA-Seq
ALCH-AD31	ALCH-AD31-TTP1-A	Primary Tumor	ALCH-AD31-TTP1-A-1-0-R-A556-41	mRNA-Seq
ALCH-B2R1	ALCH-B2R1-TTP1-A	FFPE Scrolls	ALCH-B2R1-TTP1-A-2-0-R-A77L-41	mRNA-Seq
ALCH-AFFB	ALCH-AFFB-TTP1-A	Primary Tumor	ALCH-AFFB-TTP1-A-1-0-R-A681-41	mRNA-Seq
ALCH-ABZZ	ALCH-ABZZ-TTP1-A	Primary Tumor	ALCH-ABZZ-TTP1-A-1-0-R-A562-41	mRNA-Seq
ALCH-B012	ALCH-B012-TTP1-A	FFPE Scrolls	ALCH-B012-TTP1-A-4-0-R-A659-41	mRNA-Seq
ALCH-ADNK	ALCH-ADNK-TTP1-A	Primary Tumor	ALCH-ADNK-TTP1-A-1-0-R-A583-41	mRNA-Seq
ALCH-AFG4	ALCH-AFG4-TTP1-A	FFPE Scrolls	ALCH-AFG4-TTP1-A-1-0-R-A637-41	mRNA-Seq
ALCH-ADA5	ALCH-ADA5-TTP1-A	Primary Tumor	ALCH-ADA5-TTP1-A-1-0-R-A557-41	mRNA-Seq
ALCH-B2B2	ALCH-B2B2-TTP1-B	Primary Tumor	ALCH-B2B2-TTP1-B-1-0-R-A77C-41	mRNA-Seq
ALCH-ABHR	ALCH-ABHR-TTP1-A	Primary Tumor	ALCH-ABHR-TTP1-A-1-0-R-A560-41	mRNA-Seq
ALCH-B046	ALCH-B046-TTP1-A	Primary Tumor	ALCH-B046-TTP1-A-1-0-R-A674-41	mRNA-Seq
ALCH-B0DB	ALCH-B0DB-TTP1-A	Primary Tumor	ALCH-B0DB-TTP1-A-2-0-R-A707-41	mRNA-Seq
ALCH-AEJ5	ALCH-AEJ5-TTP1-A	Primary Tumor	ALCH-AEJ5-TTP1-A-1-0-R-A619-41	mRNA-Seq
ALCH-ABFT	ALCH-ABFT-TTP1-A	Primary Tumor	ALCH-ABFT-TTP1-A-1-0-R-A560-41	mRNA-Seq
ALCH-B1ND	ALCH-B1ND-TTP1-A	Primary Tumor	ALCH-B1ND-TTP1-A-1-0-R-A779-41	mRNA-Seq
ALCH-B0FR	ALCH-B0FR-TTP1-A	FFPE Scrolls	ALCH-B0FR-TTP1-A-1-0-R-A696-41	mRNA-Seq
ALCH-B1ZA	ALCH-B1ZA-TTP1-A	Primary Tumor	ALCH-B1ZA-TTP1-A-1-0-R-A77A-41	mRNA-Seq
ALCH-ABXL	ALCH-ABXL-TTP1-A	Primary Tumor	ALCH-ABXL-TTP1-A-1-0-R-A561-41	mRNA-Seq
ALCH-AEL1	ALCH-AEL1-TTP1-A	Primary Tumor	ALCH-AEL1-TTP1-A-1-0-R-A637-41	mRNA-Seq
ALCH-AC71	ALCH-AC71-TTP1-A	Primary Tumor	ALCH-AC71-TTP1-A-1-0-R-A563-41	mRNA-Seq
ALCH-AE6G	ALCH-AE6G-TTP1-A	Primary Tumor	ALCH-AE6G-TTP1-A-3-0-R-A659-41	mRNA-Seq
ALCH-ABME	ALCH-ABME-TTP1-A	Primary Tumor	ALCH-ABME-TTP1-A-1-0-R-A560-41	mRNA-Seq
ALCH-AFAA	ALCH-AFAA-TTP1-A	FFPE Scrolls	ALCH-AFAA-TTP1-A-1-0-R-A659-41	mRNA-Seq
ALCH-ADMT	ALCH-ADMT-TTP1-A	Primary Tumor	ALCH-ADMT-TTP1-A-1-0-R-A583-41	mRNA-Seq
ALCH-B1W5	ALCH-B1W5-TTP1-A	Primary Tumor	ALCH-B1W5-TTP1-A-1-0-R-A778-41	mRNA-Seq
ALCH-AC5F	ALCH-AC5F-TTP1-A	FFPE Scrolls	ALCH-AC5F-TTP1-A-1-0-R-A562-41	mRNA-Seq
ALCH-AC6B	ALCH-AC6B-TTP1-A	Primary Tumor	ALCH-AC6B-TTP1-A-1-0-R-A562-41	mRNA-Seq
ALCH-ABNU	ALCH-ABNU-TTP1-A	FFPE Scrolls	ALCH-ABNU-TTP1-A-1-0-R-A560-41	mRNA-Seq
ALCH-ABXX	ALCH-ABXX-TTP1-A	Primary Tumor	ALCH-ABXX-TTP1-A-1-0-R-A561-41	mRNA-Seq
ALCH-ABIS	ALCH-ABIS-TTP1-A	Primary Tumor	ALCH-ABIS-TTP1-A-1-0-R-A560-41	mRNA-Seq
ALCH-B1H7	ALCH-B1H7-TTP1-A	Primary Tumor	ALCH-B1H7-TTP1-A-1-0-R-A707-41	mRNA-Seq
ALCH-B252	ALCH-B252-TTP1-A	Primary Tumor	ALCH-B252-TTP1-A-1-0-R-A77B-41	mRNA-Seq
ALCH-AD7C	ALCH-AD7C-TTP1-A	Primary Tumor	ALCH-AD7C-TTP1-A-1-0-R-A607-41	mRNA-Seq
ALCH-B1MX	ALCH-B1MX-TTP1-A	FFPE Scrolls	ALCH-B1MX-TTP1-A-1-0-R-A708-41	mRNA-Seq
ALCH-ADIA	ALCH-ADIA-TTP1-A	Primary Tumor	ALCH-ADIA-TTP1-A-1-0-R-A558-41	mRNA-Seq
ALCH-B000	ALCH-B000-TTP1-A	FFPE Scrolls	ALCH-B000-TTP1-A-1-0-R-A659-41	mRNA-Seq
ALCH-AF1Q	ALCH-AF1Q-TTP1-A	FFPE Scrolls	ALCH-AF1Q-TTP1-A-2-0-R-A674-41	mRNA-Seq
ALCH-B2EH	ALCH-B2EH-TTP1-A	FFPE Scrolls	ALCH-B2EH-TTP1-A-2-0-R-A77C-41	mRNA-Seq
ALCH-ACG5	ALCH-ACG5-TTP1-A	Primary Tumor	ALCH-ACG5-TTP1-A-1-0-R-A555-41	mRNA-Seq
ALCH-AEEV	ALCH-AEEV-TTP1-A	Primary Tumor	ALCH-AEEV-TTP1-A-1-0-R-A76O-41	mRNA-Seq
ALCH-AE1D	ALCH-AE1D-TTP1-A	FFPE Scrolls	ALCH-AE1D-TTP1-A-1-0-R-A583-41	mRNA-Seq
ALCH-B1Z7	ALCH-B1Z7-TTP1-A	Primary Tumor	ALCH-B1Z7-TTP1-A-1-0-R-A77A-41	mRNA-Seq
ALCH-B1YW	ALCH-B1YW-TTP1-A	Primary Tumor	ALCH-B1YW-TTP1-A-1-0-R-A77A-41	mRNA-Seq
ALCH-ACFP	ALCH-ACFP-TTP1-A	FFPE Scrolls	ALCH-ACFP-TTP1-A-1-0-R-A555-41	mRNA-Seq
ALCH-ADF0	ALCH-ADF0-TTP1-B	Primary Tumor	ALCH-ADF0-TTP1-B-2-0-R-A558-41	mRNA-Seq
ALCH-B05L	ALCH-B05L-TTP1-A	Primary Tumor	ALCH-B05L-TTP1-A-1-0-R-A682-41	mRNA-Seq
ALCH-B3DO	ALCH-B3DO-TTP1-A	FFPE Scrolls	ALCH-B3DO-TTP1-A-1-0-R-A781-41	mRNA-Seq
ALCH-B29H	ALCH-B29H-TTP1-A	Primary Tumor	ALCH-B29H-TTP1-A-1-0-R-A77B-41	mRNA-Seq
ALCH-B364	ALCH-B364-TTP1-A	FFPE Scrolls	ALCH-B364-TTP1-A-5-0-R-A781-41	mRNA-Seq
ALCH-ABV3	ALCH-ABV3-TTP1-A	FFPE Scrolls	ALCH-ABV3-TTP1-A-1-0-R-A76O-41	mRNA-Seq
ALCH-AE64	ALCH-AE64-TTP1-A	Primary Tumor	ALCH-AE64-TTP1-A-1-0-R-A606-41	mRNA-Seq
ALCH-ADRG	ALCH-ADRG-TTP1-A	Primary Tumor	ALCH-ADRG-TTP1-A-1-0-R-A583-41	mRNA-Seq
ALCH-AE2F	ALCH-AE2F-TTP1-A	FFPE Scrolls	ALCH-AE2F-TTP1-A-1-0-R-A711-41	mRNA-Seq
ALCH-AEG6	ALCH-AEG6-TTP1-A	Primary Tumor	ALCH-AEG6-TTP1-A-1-0-R-A619-41	mRNA-Seq
ALCH-ABC7	ALCH-ABC7-TTR1-A	FFPE Recurrent	ALCH-ABC7-TTR1-A-2-0-R-A588-41	mRNA-Seq
ALCH-B1XV	ALCH-B1XV-TTP1-A	Primary Tumor	ALCH-B1XV-TTP1-A-1-0-R-A77A-41	mRNA-Seq
ALCH-AC17	ALCH-AC17-TTP1-A	FFPE Scrolls	ALCH-AC17-TTP1-A-5-0-R-A562-41	mRNA-Seq
ALCH-B289	ALCH-B289-TTP1-A	Primary Tumor	ALCH-B289-TTP1-A-1-0-R-A77B-41	mRNA-Seq
ALCH-ABBU	ALCH-ABBU-TTP1-A	Primary Tumor	ALCH-ABBU-TTP1-A-1-0-R-A559-41	mRNA-Seq
ALCH-AEPR	ALCH-AEPR-TTP1-A	Primary Tumor	ALCH-AEPR-TTP1-A-1-0-R-A637-41	mRNA-Seq
ALCH-AE23	ALCH-AE23-TTP1-A	FFPE Scrolls	ALCH-AE23-TTP1-A-2-0-R-A711-41	mRNA-Seq
ALCH-ADUF	ALCH-ADUF-TTP1-A	FFPE Scrolls	ALCH-ADUF-TTP1-A-6-0-R-A558-41	mRNA-Seq
ALCH-B2NK	ALCH-B2NK-TTP1-A	Primary Tumor	ALCH-B2NK-TTP1-A-1-0-R-A77Q-41	mRNA-Seq
ALCH-B28P	ALCH-B28P-TTP1-A	Primary Tumor	ALCH-B28P-TTP1-A-1-0-R-A77B-41	mRNA-Seq
ALCH-AELN	ALCH-AELN-TTP1-A	FFPE Scrolls	ALCH-AELN-TTP1-A-2-0-R-A76O-41	mRNA-Seq
ALCH-B1XG	ALCH-B1XG-TTP1-A	Primary Tumor	ALCH-B1XG-TTP1-A-1-0-R-A77A-41	mRNA-Seq
ALCH-ADOU	ALCH-ADOU-TTR1-A	FFPE Recurrent	ALCH-ADOU-TTR1-A-1-0-R-A77Q-41	mRNA-Seq
ALCH-AEPY	ALCH-AEPY-TTP1-A	Primary Tumor	ALCH-AEPY-TTP1-A-1-0-R-A637-41	mRNA-Seq
ALCH-ADBM	ALCH-ADBM-TTP1-A	Primary Tumor	ALCH-ADBM-TTP1-A-1-0-R-A557-41	mRNA-Seq
ALCH-B0FW	ALCH-B0FW-TTP1-A	Primary Tumor	ALCH-B0FW-TTP1-A-1-0-R-A696-41	mRNA-Seq
ALCH-B1UP	ALCH-B1UP-TTP1-A	Primary Tumor	ALCH-B1UP-TTP1-A-3-0-R-A778-41	mRNA-Seq
ALCH-B260	ALCH-B260-TTP1-A	Primary Tumor	ALCH-B260-TTP1-A-1-0-R-A77B-41	mRNA-Seq
ALCH-B0ER	ALCH-B0ER-TTP1-A	Primary Tumor	ALCH-B0ER-TTP1-A-1-0-R-A696-41	mRNA-Seq
ALCH-ABD4	ALCH-ABD4-TTP1-A	Primary Tumor	ALCH-ABD4-TTP1-A-1-0-R-A559-41	mRNA-Seq
ALCH-ADN3	ALCH-ADN3-TTP1-A	Primary Tumor	ALCH-ADN3-TTP1-A-1-0-R-A566-41	mRNA-Seq
ALCH-AEPD	ALCH-AEPD-TTP1-A	Primary Tumor	ALCH-AEPD-TTP1-A-1-0-R-A637-41	mRNA-Seq
ALCH-AFFS	ALCH-AFFS-TTP1-A	Primary Tumor	ALCH-AFFS-TTP1-A-1-0-R-A681-41	mRNA-Seq
ALCH-B1YZ	ALCH-B1YZ-TTP1-A	Primary Tumor	ALCH-B1YZ-TTP1-A-1-0-R-A77A-41	mRNA-Seq
ALCH-ADV1	ALCH-ADV1-TTP1-A	Primary Tumor	ALCH-ADV1-TTP1-A-2-0-R-A606-41	mRNA-Seq
ALCH-B24I	ALCH-B24I-TTP1-A	FFPE Scrolls	ALCH-B24I-TTP1-A-1-0-R-A77A-41	mRNA-Seq
ALCH-ABYT	ALCH-ABYT-TTP1-A	FFPE Scrolls	ALCH-ABYT-TTP1-A-1-0-R-A562-41	mRNA-Seq
ALCH-AEJA	ALCH-AEJA-TTP1-A	Primary Tumor	ALCH-AEJA-TTP1-A-1-0-R-A619-41	mRNA-Seq
ALCH-AD8V	ALCH-AD8V-TTP1-A	Primary Tumor	ALCH-AD8V-TTP1-A-1-0-R-A557-41	mRNA-Seq
ALCH-B2AC	ALCH-B2AC-TTP1-A	Primary Tumor	ALCH-B2AC-TTP1-A-1-0-R-A77C-41	mRNA-Seq
ALCH-AC5V	ALCH-AC5V-TTP1-A	Primary Tumor	ALCH-AC5V-TTP1-A-1-0-R-A562-41	mRNA-Seq
ALCH-B1K4	ALCH-B1K4-TTP1-A	Primary Tumor	ALCH-B1K4-TTP1-A-2-0-R-A779-41	mRNA-Seq
ALCH-B024	ALCH-B024-TTP1-A	Primary Tumor	ALCH-B024-TTP1-A-1-0-R-A674-41	mRNA-Seq
ALCH-AE7Y	ALCH-AE7Y-TTP1-A	Primary Tumor	ALCH-AE7Y-TTP1-A-1-0-R-A76O-41	mRNA-Seq
ALCH-AEOR	ALCH-AEOR-TTP1-A	FFPE Scrolls	ALCH-AEOR-TTP1-A-1-0-R-A619-41	mRNA-Seq
ALCH-ABDI	ALCH-ABDI-TTP1-A	Primary Tumor	ALCH-ABDI-TTP1-A-1-0-R-A559-41	mRNA-Seq
ALCH-B01R	ALCH-B01R-TTP1-A	FFPE Scrolls	ALCH-B01R-TTP1-A-1-0-R-A637-41	mRNA-Seq
ALCH-B0DN	ALCH-B0DN-TTP1-A	Primary Tumor	ALCH-B0DN-TTP1-A-1-0-R-A779-41	mRNA-Seq
ALCH-ADWR	ALCH-ADWR-TTP1-A	Primary Tumor	ALCH-ADWR-TTP1-A-1-0-R-A588-41	mRNA-Seq
ALCH-AFK0	ALCH-AFK0-TTP1-A	Primary Tumor	ALCH-AFK0-TTP1-A-1-0-R-A674-41	mRNA-Seq
ALCH-B1NE	ALCH-B1NE-TTP1-A	Primary Tumor	ALCH-B1NE-TTP1-A-1-0-R-A779-41	mRNA-Seq
ALCH-ABWN	ALCH-ABWN-TTP1-A	Primary Tumor	ALCH-ABWN-TTP1-A-3-0-R-A76O-41	mRNA-Seq
ALCH-ABFR	ALCH-ABFR-TTP1-A	FFPE Scrolls	ALCH-ABFR-TTP1-A-1-0-R-A559-41	mRNA-Seq
ALCH-AC6X	ALCH-AC6X-TTP1-A	Primary Tumor	ALCH-AC6X-TTP1-A-1-0-R-A563-41	mRNA-Seq
ALCH-AE8N	ALCH-AE8N-TTP1-A	FFPE Scrolls	ALCH-AE8N-TTP1-A-1-0-R-A597-41	mRNA-Seq
ALCH-ADV8	ALCH-ADV8-TTP1-A	Primary Tumor	ALCH-ADV8-TTP1-A-1-0-R-A588-41	mRNA-Seq
ALCH-B0BA	ALCH-B0BA-TTP1-A	FFPE Scrolls	ALCH-B0BA-TTP1-A-1-0-R-A696-41	mRNA-Seq
ALCH-AF1R	ALCH-AF1R-TTP1-A	Primary Tumor	ALCH-AF1R-TTP1-A-1-0-R-A659-41	mRNA-Seq
ALCH-AFG1	ALCH-AFG1-TTP1-A	Primary Tumor	ALCH-AFG1-TTP1-A-1-0-R-A681-41	mRNA-Seq
ALCH-B1YN	ALCH-B1YN-TTP1-A	Primary Tumor	ALCH-B1YN-TTP1-A-1-0-R-A77A-41	mRNA-Seq
ALCH-AD8W	ALCH-AD8W-TTP1-A	Primary Tumor	ALCH-AD8W-TTP1-A-2-0-R-A557-41	mRNA-Seq
ALCH-AEP3	ALCH-AEP3-TTP1-A	Primary Tumor	ALCH-AEP3-TTP1-A-1-0-R-A637-41	mRNA-Seq
ALCH-ABDH	ALCH-ABDH-TTP1-A	Primary Tumor	ALCH-ABDH-TTP1-A-1-0-R-A559-41	mRNA-Seq
ALCH-ABYM	ALCH-ABYM-TTP1-A	FFPE Scrolls	ALCH-ABYM-TTP1-A-1-0-R-A562-41	mRNA-Seq
ALCH-B2XV	ALCH-B2XV-TTP1-A	FFPE Scrolls	ALCH-B2XV-TTP1-A-1-0-R-A77L-41	mRNA-Seq
ALCH-ADBR	ALCH-ADBR-TTP1-A	FFPE Scrolls	ALCH-ADBR-TTP1-A-1-0-R-A557-41	mRNA-Seq
ALCH-AEQT	ALCH-AEQT-TTP1-A	FFPE Scrolls	ALCH-AEQT-TTP1-A-1-0-R-A619-41	mRNA-Seq
ALCH-B05Z	ALCH-B05Z-TTP1-A	FFPE Scrolls	ALCH-B05Z-TTP1-A-1-0-R-A682-41	mRNA-Seq
ALCH-ACWD	ALCH-ACWD-TTP1-A	Primary Tumor	ALCH-ACWD-TTP1-A-1-0-R-A555-41	mRNA-Seq
ALCH-B1UV	ALCH-B1UV-TTP1-A	Primary Tumor	ALCH-B1UV-TTP1-A-2-0-R-A778-41	mRNA-Seq
ALCH-ABPB	ALCH-ABPB-TTP1-A	Primary Tumor	ALCH-ABPB-TTP1-A-1-0-R-A561-41	mRNA-Seq
ALCH-ACGE	ALCH-ACGE-TTP1-A	Primary Tumor	ALCH-ACGE-TTP1-A-1-0-R-A555-41	mRNA-Seq
ALCH-ABNF	ALCH-ABNF-TTP1-A	Primary Tumor	ALCH-ABNF-TTP1-A-1-0-R-A560-41	mRNA-Seq
ALCH-ABE6	ALCH-ABE6-TTP1-A	Primary Tumor	ALCH-ABE6-TTP1-A-1-0-R-A559-41	mRNA-Seq
ALCH-ABW5	ALCH-ABW5-TTR1-A	FFPE Recurrent	ALCH-ABW5-TTR1-A-1-0-R-A619-41	mRNA-Seq
ALCH-ADFJ	ALCH-ADFJ-TTP1-A	Primary Tumor	ALCH-ADFJ-TTP1-A-1-0-R-A557-41	mRNA-Seq
ALCH-AFEL	ALCH-AFEL-TTP1-A	FFPE Scrolls	ALCH-AFEL-TTP1-A-2-0-R-A637-41	mRNA-Seq
ALCH-B39H	ALCH-B39H-TTP1-A	FFPE Scrolls	ALCH-B39H-TTP1-A-1-0-R-A781-41	mRNA-Seq
ALCH-B274	ALCH-B274-TTP1-A	Primary Tumor	ALCH-B274-TTP1-A-1-0-R-A77B-41	mRNA-Seq
ALCH-B0CF	ALCH-B0CF-TTP1-A	Primary Tumor	ALCH-B0CF-TTP1-A-1-0-R-A696-41	mRNA-Seq
ALCH-ADBX	ALCH-ADBX-TTP1-A	Primary Tumor	ALCH-ADBX-TTP1-A-1-0-R-A558-41	mRNA-Seq
ALCH-B1WW	ALCH-B1WW-TTP1-A	Primary Tumor	ALCH-B1WW-TTP1-A-2-0-R-A778-41	mRNA-Seq
ALCH-AC8K	ALCH-AC8K-TTP1-A	FFPE Scrolls	ALCH-AC8K-TTP1-A-2-0-R-A555-41	mRNA-Seq
ALCH-B1O6	ALCH-B1O6-TTP1-A	Primary Tumor	ALCH-B1O6-TTP1-A-2-0-R-A779-41	mRNA-Seq
ALCH-AEBN	ALCH-AEBN-TTP1-A	FFPE Scrolls	ALCH-AEBN-TTP1-A-1-0-R-A597-41	mRNA-Seq
ALCH-B1UL	ALCH-B1UL-TTP1-A	Primary Tumor	ALCH-B1UL-TTP1-A-3-0-R-A778-41	mRNA-Seq
ALCH-AC6K	ALCH-AC6K-TTP1-A	FFPE Scrolls	ALCH-AC6K-TTP1-A-1-0-R-A563-41	mRNA-Seq
ALCH-AFDU	ALCH-AFDU-TTP1-A	FFPE Scrolls	ALCH-AFDU-TTP1-A-1-0-R-A637-41	mRNA-Seq
ALCH-ABOB	ALCH-ABOB-TTP1-A	Primary Tumor	ALCH-ABOB-TTP1-A-1-0-R-A560-41	mRNA-Seq
ALCH-AE0Q	ALCH-AE0Q-TTP1-A	Primary Tumor	ALCH-AE0Q-TTP1-A-1-0-R-A711-41	mRNA-Seq
ALCH-AC0H	ALCH-AC0H-TTP1-A	Primary Tumor	ALCH-AC0H-TTP1-A-2-0-R-A562-41	mRNA-Seq
ALCH-B0E7	ALCH-B0E7-TTP1-A	Primary Tumor	ALCH-B0E7-TTP1-A-1-0-R-A696-41	mRNA-Seq
ALCH-B1K5	ALCH-B1K5-TTP1-A	FFPE Scrolls	ALCH-B1K5-TTP1-A-1-0-R-A708-41	mRNA-Seq
ALCH-ADTQ	ALCH-ADTQ-TTP1-A	Primary Tumor	ALCH-ADTQ-TTP1-A-1-0-R-A583-41	mRNA-Seq
ALCH-ACGH	ALCH-ACGH-TTP1-A	Primary Tumor	ALCH-ACGH-TTP1-A-1-0-R-A555-41	mRNA-Seq
ALCH-ADWY	ALCH-ADWY-TTP1-A	Primary Tumor	ALCH-ADWY-TTP1-A-1-0-R-A619-41	mRNA-Seq
ALCH-ADHT	ALCH-ADHT-TTP1-A	FFPE Scrolls	ALCH-ADHT-TTP1-A-1-0-R-A557-41	mRNA-Seq
ALCH-AE5F	ALCH-AE5F-TTP1-A	Primary Tumor	ALCH-AE5F-TTP1-A-1-0-R-A606-41	mRNA-Seq
ALCH-ACFO	ALCH-ACFO-TTP1-A	Primary Tumor	ALCH-ACFO-TTP1-A-2-0-R-A555-41	mRNA-Seq
ALCH-B1XJ	ALCH-B1XJ-TTP1-A	Primary Tumor	ALCH-B1XJ-TTP1-A-1-0-R-A77A-41	mRNA-Seq
ALCH-ADWC	ALCH-ADWC-TTP1-A	Primary Tumor	ALCH-ADWC-TTP1-A-1-0-R-A588-41	mRNA-Seq
ALCH-ABEJ	ALCH-ABEJ-TTP1-A	Primary Tumor	ALCH-ABEJ-TTP1-A-1-0-R-A559-41	mRNA-Seq
ALCH-B2P4	ALCH-B2P4-TTP1-A	Primary Tumor	ALCH-B2P4-TTP1-A-1-0-R-A781-41	mRNA-Seq
ALCH-B04D	ALCH-B04D-TTP1-A	Primary Tumor	ALCH-B04D-TTP1-A-1-0-R-A681-41	mRNA-Seq
ALCH-B2LR	ALCH-B2LR-TTP1-A	Primary Tumor	ALCH-B2LR-TTP1-A-1-0-R-A77Q-41	mRNA-Seq
ALCH-B2AY	ALCH-B2AY-TTP1-B	FFPE Scrolls	ALCH-B2AY-TTP1-B-6-0-R-A77C-41	mRNA-Seq
ALCH-ABEQ	ALCH-ABEQ-TTP1-A	Primary Tumor	ALCH-ABEQ-TTP1-A-1-0-R-A559-41	mRNA-Seq
ALCH-B04G	ALCH-B04G-TTP1-A	Primary Tumor	ALCH-B04G-TTP1-A-1-0-R-A681-41	mRNA-Seq
ALCH-ADZX	ALCH-ADZX-TTP1-A	Primary Tumor	ALCH-ADZX-TTP1-A-1-0-R-A606-41	mRNA-Seq
ALCH-B1JP	ALCH-B1JP-TTP1-A	FFPE Scrolls	ALCH-B1JP-TTP1-A-1-0-R-A707-41	mRNA-Seq
ALCH-B063	ALCH-B063-TTP1-A	FFPE Scrolls	ALCH-B063-TTP1-A-1-0-R-A682-41	mRNA-Seq
ALCH-AC7W	ALCH-AC7W-TTP1-A	Primary Tumor	ALCH-AC7W-TTP1-A-1-0-R-A563-41	mRNA-Seq
ALCH-B1HB	ALCH-B1HB-TTP1-A	FFPE Scrolls	ALCH-B1HB-TTP1-A-1-0-R-A707-41	mRNA-Seq
ALCH-B3FS	ALCH-B3FS-TTP1-A	FFPE Scrolls	ALCH-B3FS-TTP1-A-1-0-R-A781-41	mRNA-Seq
ALCH-AENY	ALCH-AENY-TTP1-A	Primary Tumor	ALCH-AENY-TTP1-A-1-0-R-A637-41	mRNA-Seq
ALCH-ABUC	ALCH-ABUC-TTP1-A	Primary Tumor	ALCH-ABUC-TTP1-A-1-0-R-A561-41	mRNA-Seq
ALCH-B0D2	ALCH-B0D2-TTP1-A	FFPE Scrolls	ALCH-B0D2-TTP1-A-1-0-R-A696-41	mRNA-Seq
ALCH-AC73	ALCH-AC73-TTP1-A	Primary Tumor	ALCH-AC73-TTP1-A-3-0-R-A555-41	mRNA-Seq
ALCH-AC3O	ALCH-AC3O-TTP1-A	Primary Tumor	ALCH-AC3O-TTP1-A-1-0-R-A562-41	mRNA-Seq
ALCH-ABRS	ALCH-ABRS-TTP1-A	Primary Tumor	ALCH-ABRS-TTP1-A-1-0-R-A561-41	mRNA-Seq
ALCH-B0BN	ALCH-B0BN-TTP1-A	FFPE Scrolls	ALCH-B0BN-TTP1-A-1-0-R-A696-41	mRNA-Seq
ALCH-ADOX	ALCH-ADOX-TTP1-A	Primary Tumor	ALCH-ADOX-TTP1-A-1-0-R-A659-41	mRNA-Seq
ALCH-ACFT	ALCH-ACFT-TTP1-A	Primary Tumor	ALCH-ACFT-TTP1-A-1-0-R-A555-41	mRNA-Seq
ALCH-B2NH	ALCH-B2NH-TTP1-A	FFPE Scrolls	ALCH-B2NH-TTP1-A-1-0-R-A77C-41	mRNA-Seq
ALCH-AE11	ALCH-AE11-TTP1-A	Primary Tumor	ALCH-AE11-TTP1-A-1-0-R-A606-41	mRNA-Seq
ALCH-B2AE	ALCH-B2AE-TTP1-A	Primary Tumor	ALCH-B2AE-TTP1-A-1-0-R-A77C-41	mRNA-Seq
ALCH-AE25	ALCH-AE25-TTP1-A	Primary Tumor	ALCH-AE25-TTP1-A-1-0-R-A619-41	mRNA-Seq
ALCH-B05C	ALCH-B05C-TTP1-A	Primary Tumor	ALCH-B05C-TTP1-A-1-0-R-A682-41	mRNA-Seq
ALCH-AEBK	ALCH-AEBK-TTP1-A	Primary Tumor	ALCH-AEBK-TTP1-A-1-0-R-A76O-41	mRNA-Seq
ALCH-B05P	ALCH-B05P-TTP1-A	Primary Tumor	ALCH-B05P-TTP1-A-1-0-R-A682-41	mRNA-Seq
ALCH-AE2K	ALCH-AE2K-TTP1-A	Primary Tumor	ALCH-AE2K-TTP1-A-1-0-R-A711-41	mRNA-Seq
ALCH-AEZI	ALCH-AEZI-TTP1-A	Primary Tumor	ALCH-AEZI-TTP1-A-2-0-R-A666-41	mRNA-Seq
ALCH-B1IU	ALCH-B1IU-TTP1-A	FFPE Scrolls	ALCH-B1IU-TTP1-A-10-0-R-A707-41	mRNA-Seq
ALCH-B1U5	ALCH-B1U5-TTP1-A	Primary Tumor	ALCH-B1U5-TTP1-A-1-0-R-A778-41	mRNA-Seq
ALCH-B1N1	ALCH-B1N1-TTP1-A	Primary Tumor	ALCH-B1N1-TTP1-A-1-0-R-A779-41	mRNA-Seq
ALCH-AELV	ALCH-AELV-TTP1-A	FFPE Scrolls	ALCH-AELV-TTP1-A-1-0-R-A597-41	mRNA-Seq
ALCH-AC0K	ALCH-AC0K-TTP1-A	FFPE Scrolls	ALCH-AC0K-TTP1-A-3-0-R-A562-41	mRNA-Seq
ALCH-AEKH	ALCH-AEKH-TTP1-A	Primary Tumor	ALCH-AEKH-TTP1-A-1-0-R-A619-41	mRNA-Seq
ALCH-ABSC	ALCH-ABSC-TTP1-A	Primary Tumor	ALCH-ABSC-TTP1-A-1-0-R-A561-41	mRNA-Seq
ALCH-AE24	ALCH-AE24-TTP1-A	Primary Tumor	ALCH-AE24-TTP1-A-1-0-R-A711-41	mRNA-Seq
ALCH-AEGD	ALCH-AEGD-TTP1-A	FFPE Scrolls	ALCH-AEGD-TTP1-A-1-0-R-A597-41	mRNA-Seq
ALCH-AD0I	ALCH-AD0I-TTP1-A	Primary Tumor	ALCH-AD0I-TTP1-A-1-0-R-A556-41	mRNA-Seq
ALCH-B0AF	ALCH-B0AF-TTP1-A	Primary Tumor	ALCH-B0AF-TTP1-A-1-0-R-A682-41	mRNA-Seq
ALCH-B0DR	ALCH-B0DR-TTP1-A	Primary Tumor	ALCH-B0DR-TTP1-A-1-0-R-A696-41	mRNA-Seq
ALCH-AC6M	ALCH-AC6M-TTP1-A	Primary Tumor	ALCH-AC6M-TTP1-A-1-0-R-A563-41	mRNA-Seq
ALCH-ADMY	ALCH-ADMY-TTP1-B	FFPE Scrolls	ALCH-ADMY-TTP1-B-1-0-R-A557-41	mRNA-Seq
ALCH-ADZY	ALCH-ADZY-TTP1-A	Primary Tumor	ALCH-ADZY-TTP1-A-1-0-R-A606-41	mRNA-Seq
ALCH-B2QG	ALCH-B2QG-TTP1-A	Primary Tumor	ALCH-B2QG-TTP1-A-1-0-R-A781-41	mRNA-Seq
ALCH-AEOX	ALCH-AEOX-TTP1-A	Primary Tumor	ALCH-AEOX-TTP1-A-1-0-R-A637-41	mRNA-Seq
ALCH-ADI5	ALCH-ADI5-TTP1-A	Primary Tumor	ALCH-ADI5-TTP1-A-1-0-R-A558-41	mRNA-Seq
ALCH-AEZP	ALCH-AEZP-TTP1-A	Primary Tumor	ALCH-AEZP-TTP1-A-1-0-R-A637-41	mRNA-Seq
ALCH-B0G9	ALCH-B0G9-TTP1-A	Primary Tumor	ALCH-B0G9-TTP1-A-1-0-R-A707-41	mRNA-Seq
ALCH-B2CI	ALCH-B2CI-TTP1-A	Primary Tumor	ALCH-B2CI-TTP1-A-1-0-R-A77C-41	mRNA-Seq
ALCH-B1IS	ALCH-B1IS-TTP1-A	Primary Tumor	ALCH-B1IS-TTP1-A-1-0-R-A707-41	mRNA-Seq
ALCH-AETJ	ALCH-AETJ-TTP1-A	Primary Tumor	ALCH-AETJ-TTP1-A-2-0-R-A681-41	mRNA-Seq
ALCH-ADWP	ALCH-ADWP-TTP1-A	Primary Tumor	ALCH-ADWP-TTP1-A-1-0-R-A606-41	mRNA-Seq
ALCH-ABHX	ALCH-ABHX-TTP1-A	Primary Tumor	ALCH-ABHX-TTP1-A-1-0-R-A560-41	mRNA-Seq
ALCH-ADBO	ALCH-ADBO-TTP1-A	FFPE Scrolls	ALCH-ADBO-TTP1-A-3-0-R-A556-41	mRNA-Seq
ALCH-AD9P	ALCH-AD9P-TTP1-A	Primary Tumor	ALCH-AD9P-TTP1-A-1-0-R-A556-41	mRNA-Seq
ALCH-B2DG	ALCH-B2DG-TTP1-A	FFPE Scrolls	ALCH-B2DG-TTP1-A-1-0-R-A77C-41	mRNA-Seq
ALCH-B2M7	ALCH-B2M7-TTP1-A	Primary Tumor	ALCH-B2M7-TTP1-A-1-0-R-A77Q-41	mRNA-Seq
ALCH-AFE1	ALCH-AFE1-TTP1-A	Primary Tumor	ALCH-AFE1-TTP1-A-1-0-R-A666-41	mRNA-Seq
ALCH-ADOZ	ALCH-ADOZ-TTP1-A	Primary Tumor	ALCH-ADOZ-TTP1-A-1-0-R-A566-41	mRNA-Seq
ALCH-B2U7	ALCH-B2U7-TTP1-A	FFPE Scrolls	ALCH-B2U7-TTP1-A-1-0-R-A77L-41	mRNA-Seq
ALCH-B24D	ALCH-B24D-TTP1-A	FFPE Scrolls	ALCH-B24D-TTP1-A-1-0-R-A77A-41	mRNA-Seq
ALCH-B25H	ALCH-B25H-TTP1-A	Primary Tumor	ALCH-B25H-TTP1-A-3-0-R-A77B-41	mRNA-Seq
ALCH-ABW5	ALCH-ABW5-TTP1-A	Primary Tumor	ALCH-ABW5-TTP1-A-1-0-R-A561-41	mRNA-Seq
ALCH-B285	ALCH-B285-TTP1-A	Primary Tumor	ALCH-B285-TTP1-A-1-0-R-A77B-41	mRNA-Seq
ALCH-ABPI	ALCH-ABPI-TTP1-A	Primary Tumor	ALCH-ABPI-TTP1-A-1-0-R-A76O-41	mRNA-Seq
ALCH-AEK0	ALCH-AEK0-TTP1-A	Primary Tumor	ALCH-AEK0-TTP1-A-1-0-R-A619-41	mRNA-Seq
ALCH-B25Q	ALCH-B25Q-TTP1-A	Primary Tumor	ALCH-B25Q-TTP1-A-1-0-R-A77B-41	mRNA-Seq
ALCH-B06B	ALCH-B06B-TTP1-A	Primary Tumor	ALCH-B06B-TTP1-A-1-0-R-A682-41	mRNA-Seq
ALCH-AENM	ALCH-AENM-TTP1-A	FFPE Scrolls	ALCH-AENM-TTP1-A-3-0-R-A681-41	mRNA-Seq
ALCH-B1Q3	ALCH-B1Q3-TTP1-A	Primary Tumor	ALCH-B1Q3-TTP1-A-1-0-R-A779-41	mRNA-Seq
ALCH-B017	ALCH-B017-TTP1-A	Primary Tumor	ALCH-B017-TTP1-A-1-0-R-A674-41	mRNA-Seq
ALCH-B1UW	ALCH-B1UW-TTP1-A	Primary Tumor	ALCH-B1UW-TTP1-A-2-0-R-A778-41	mRNA-Seq
ALCH-B04A	ALCH-B04A-TTP1-A	Primary Tumor	ALCH-B04A-TTP1-A-1-0-R-A681-41	mRNA-Seq
ALCH-B0EX	ALCH-B0EX-TTP1-A	Primary Tumor	ALCH-B0EX-TTP1-A-1-0-R-A696-41	mRNA-Seq
ALCH-ABFG	ALCH-ABFG-TTP1-A	Primary Tumor	ALCH-ABFG-TTP1-A-1-0-R-A559-41	mRNA-Seq
ALCH-B0G2	ALCH-B0G2-TTP1-A	Primary Tumor	ALCH-B0G2-TTP1-A-1-0-R-A707-41	mRNA-Seq
ALCH-B2NU	ALCH-B2NU-TTP1-A	FFPE Scrolls	ALCH-B2NU-TTP1-A-1-0-R-A77C-41	mRNA-Seq
ALCH-ABI2	ALCH-ABI2-TTP1-A	FFPE Scrolls	ALCH-ABI2-TTP1-A-1-0-R-A560-41	mRNA-Seq
ALCH-AD9N	ALCH-AD9N-TTP1-A	Primary Tumor	ALCH-AD9N-TTP1-A-1-0-R-A566-41	mRNA-Seq
ALCH-ADHK	ALCH-ADHK-TTP1-A	Primary Tumor	ALCH-ADHK-TTP1-A-1-0-R-A558-41	mRNA-Seq
ALCH-B0EI	ALCH-B0EI-TTP1-A	Primary Tumor	ALCH-B0EI-TTP1-A-1-0-R-A696-41	mRNA-Seq
ALCH-AE27	ALCH-AE27-TTP1-A	Primary Tumor	ALCH-AE27-TTP1-A-1-0-R-A711-41	mRNA-Seq
ALCH-AC0E	ALCH-AC0E-TTP1-A	Primary Tumor	ALCH-AC0E-TTP1-A-1-0-R-A562-41	mRNA-Seq
ALCH-ABBW	ALCH-ABBW-TTP1-A	Primary Tumor	ALCH-ABBW-TTP1-A-1-0-R-A559-41	mRNA-Seq
ALCH-ABWL	ALCH-ABWL-TTP1-A	Primary Tumor	ALCH-ABWL-TTP1-A-1-0-R-A561-41	mRNA-Seq
ALCH-AD0M	ALCH-AD0M-TTP1-A	Primary Tumor	ALCH-AD0M-TTP1-A-3-0-R-A556-41	mRNA-Seq
ALCH-AENV	ALCH-AENV-TTP1-A	Primary Tumor	ALCH-AENV-TTP1-A-3-0-R-A681-41	mRNA-Seq
ALCH-ADW7	ALCH-ADW7-TTP1-A	Primary Tumor	ALCH-ADW7-TTP1-A-1-0-R-A583-41	mRNA-Seq
ALCH-AC8I	ALCH-AC8I-TTP1-A	Primary Tumor	ALCH-AC8I-TTP1-A-1-0-R-A555-41	mRNA-Seq
ALCH-AD92	ALCH-AD92-TTP1-A	Primary Tumor	ALCH-AD92-TTP1-A-1-0-R-A557-41	mRNA-Seq
ALCH-AD8U	ALCH-AD8U-TTP1-A	Primary Tumor	ALCH-AD8U-TTP1-A-1-0-R-A557-41	mRNA-Seq
ALCH-ACWI	ALCH-ACWI-TTP1-A	FFPE Scrolls	ALCH-ACWI-TTP1-A-1-0-R-A555-41	mRNA-Seq
ALCH-B2T9	ALCH-B2T9-TTP1-A	FFPE Scrolls	ALCH-B2T9-TTP1-A-1-0-R-A77L-41	mRNA-Seq
ALCH-AFAG	ALCH-AFAG-TTP1-A	FFPE Scrolls	ALCH-AFAG-TTP1-A-1-0-R-A637-41	mRNA-Seq
ALCH-B1Y0	ALCH-B1Y0-TTP1-A	Primary Tumor	ALCH-B1Y0-TTP1-A-1-0-R-A77A-41	mRNA-Seq
ALCH-ADBJ	ALCH-ADBJ-TTP1-A	Primary Tumor	ALCH-ADBJ-TTP1-A-3-0-R-A558-41	mRNA-Seq
ALCH-ABOP	ALCH-ABOP-TTP1-A	Primary Tumor	ALCH-ABOP-TTP1-A-1-0-R-A561-41	mRNA-Seq
ALCH-ABS1	ALCH-ABS1-TTP1-A	FFPE Scrolls	ALCH-ABS1-TTP1-A-1-0-R-A561-41	mRNA-Seq
ALCH-B1Y6	ALCH-B1Y6-TTP1-A	Primary Tumor	ALCH-B1Y6-TTP1-A-1-0-R-A77A-41	mRNA-Seq
ALCH-AF48	ALCH-AF48-TTP1-A	Primary Tumor	ALCH-AF48-TTP1-A-1-0-R-A659-41	mRNA-Seq
ALCH-B2RA	ALCH-B2RA-TTP1-A	FFPE Scrolls	ALCH-B2RA-TTP1-A-5-0-R-A77L-41	mRNA-Seq
ALCH-ABFI	ALCH-ABFI-TTP1-A	FFPE Scrolls	ALCH-ABFI-TTP1-A-1-0-R-A559-41	mRNA-Seq
ALCH-B27M	ALCH-B27M-TTP1-A	Primary Tumor	ALCH-B27M-TTP1-A-1-0-R-A77B-41	mRNA-Seq
ALCH-AD97	ALCH-AD97-TTP1-A	FFPE Scrolls	ALCH-AD97-TTP1-A-4-0-R-A556-41	mRNA-Seq
ALCH-ADUE	ALCH-ADUE-TTP1-A	Primary Tumor	ALCH-ADUE-TTP1-A-1-0-R-A583-41	mRNA-Seq
ALCH-B0DT	ALCH-B0DT-TTP1-A	Primary Tumor	ALCH-B0DT-TTP1-A-1-0-R-A696-41	mRNA-Seq
ALCH-AES1	ALCH-AES1-TTP1-A	Primary Tumor	ALCH-AES1-TTP1-A-1-0-R-A637-41	mRNA-Seq
ALCH-ABEE	ALCH-ABEE-TTP1-A	Primary Tumor	ALCH-ABEE-TTP1-A-1-0-R-A559-41	mRNA-Seq
ALCH-B1PL	ALCH-B1PL-TTP1-A	Primary Tumor	ALCH-B1PL-TTP1-A-1-0-R-A779-41	mRNA-Seq
ALCH-ADI2	ALCH-ADI2-TTP1-A	Primary Tumor	ALCH-ADI2-TTP1-A-1-0-R-A566-41	mRNA-Seq
ALCH-B2DJ	ALCH-B2DJ-TTP1-A	FFPE Scrolls	ALCH-B2DJ-TTP1-A-1-0-R-A77C-41	mRNA-Seq
ALCH-ADTV	ALCH-ADTV-TTP1-A	Primary Tumor	ALCH-ADTV-TTP1-A-1-0-R-A583-41	mRNA-Seq
ALCH-AD9D	ALCH-AD9D-TTP1-A	Primary Tumor	ALCH-AD9D-TTP1-A-1-0-R-A556-41	mRNA-Seq
ALCH-AD6W	ALCH-AD6W-TTP1-A	Primary Tumor	ALCH-AD6W-TTP1-A-1-0-R-A556-41	mRNA-Seq
ALCH-ABYD	ALCH-ABYD-TTP1-A	Primary Tumor	ALCH-ABYD-TTP1-A-1-0-R-A562-41	mRNA-Seq
ALCH-B28F	ALCH-B28F-TTP1-A	Primary Tumor	ALCH-B28F-TTP1-A-1-0-R-A77B-41	mRNA-Seq
ALCH-AEO8	ALCH-AEO8-TTP1-A	Primary Tumor	ALCH-AEO8-TTP1-A-1-0-R-A637-41	mRNA-Seq
ALCH-AESC	ALCH-AESC-TTP1-A	FFPE Scrolls	ALCH-AESC-TTP1-A-6-0-R-A637-41	mRNA-Seq
ALCH-ADT9	ALCH-ADT9-TTP1-A	Primary Tumor	ALCH-ADT9-TTP1-A-1-0-R-A583-41	mRNA-Seq
ALCH-AEQS	ALCH-AEQS-TTP1-A	Primary Tumor	ALCH-AEQS-TTP1-A-1-0-R-A637-41	mRNA-Seq
ALCH-B2D9	ALCH-B2D9-TTP1-A	Primary Tumor	ALCH-B2D9-TTP1-A-1-0-R-A77L-41	mRNA-Seq
ALCH-AC83	ALCH-AC83-TTR1-A	FFPE Recurrent	ALCH-AC83-TTR1-A-3-0-R-A637-41	mRNA-Seq
ALCH-ACH9	ALCH-ACH9-TTR1-A	FFPE Recurrent	ALCH-ACH9-TTR1-A-3-0-R-A708-41	mRNA-Seq
ALCH-AC8C	ALCH-AC8C-TTP1-A	Primary Tumor	ALCH-AC8C-TTP1-A-1-0-R-A555-41	mRNA-Seq
ALCH-B0BX	ALCH-B0BX-TTP1-A	Primary Tumor	ALCH-B0BX-TTP1-A-1-0-R-A696-41	mRNA-Seq
ALCH-B0H4	ALCH-B0H4-TTP1-A	Primary Tumor	ALCH-B0H4-TTP1-A-1-0-R-A707-41	mRNA-Seq
ALCH-B1ZJ	ALCH-B1ZJ-TTP1-A	Primary Tumor	ALCH-B1ZJ-TTP1-A-1-0-R-A77A-41	mRNA-Seq
ALCH-ABDU	ALCH-ABDU-TTR1-A	FFPE Recurrent	ALCH-ABDU-TTR1-A-1-0-R-A77Q-41	mRNA-Seq
ALCH-B1WB	ALCH-B1WB-TTP1-A	Primary Tumor	ALCH-B1WB-TTP1-A-1-0-R-A778-41	mRNA-Seq
ALCH-B0HJ	ALCH-B0HJ-TTP1-A	Primary Tumor	ALCH-B0HJ-TTP1-A-1-0-R-A707-41	mRNA-Seq
ALCH-ADYX	ALCH-ADYX-TTP1-B	Primary Tumor	ALCH-ADYX-TTP1-B-1-0-R-A606-41	mRNA-Seq
ALCH-B29G	ALCH-B29G-TTP1-B	Primary Tumor	ALCH-B29G-TTP1-B-1-0-R-A77B-41	mRNA-Seq
ALCH-B0EK	ALCH-B0EK-TTP1-A	Primary Tumor	ALCH-B0EK-TTP1-A-2-0-R-A696-41	mRNA-Seq
ALCH-B2CW	ALCH-B2CW-TTP1-A	FFPE Scrolls	ALCH-B2CW-TTP1-A-1-0-R-A77C-41	mRNA-Seq
ALCH-AEQW	ALCH-AEQW-TTP1-A	Primary Tumor	ALCH-AEQW-TTP1-A-1-0-R-A637-41	mRNA-Seq
ALCH-ADA8	ALCH-ADA8-TTP1-A	Primary Tumor	ALCH-ADA8-TTP1-A-1-0-R-A557-41	mRNA-Seq
ALCH-ABBY	ALCH-ABBY-TTP1-A	Primary Tumor	ALCH-ABBY-TTP1-A-1-0-R-A559-41	mRNA-Seq
ALCH-ABWH	ALCH-ABWH-TTP1-A	Primary Tumor	ALCH-ABWH-TTP1-A-1-0-R-A561-41	mRNA-Seq
ALCH-ACX5	ALCH-ACX5-TTP1-A	Primary Tumor	ALCH-ACX5-TTP1-A-1-0-R-A556-41	mRNA-Seq
ALCH-ABO8	ALCH-ABO8-TTP1-A	Primary Tumor	ALCH-ABO8-TTP1-A-1-0-R-A560-41	mRNA-Seq
ALCH-ADTT	ALCH-ADTT-TTP1-A	FFPE Scrolls	ALCH-ADTT-TTP1-A-1-0-R-A557-41	mRNA-Seq
ALCH-B0GA	ALCH-B0GA-TTP1-A	FFPE Scrolls	ALCH-B0GA-TTP1-A-1-0-R-A707-41	mRNA-Seq
ALCH-AEUO	ALCH-AEUO-TTP1-A	FFPE Scrolls	ALCH-AEUO-TTP1-A-1-0-R-A659-41	mRNA-Seq
ALCH-ADIC	ALCH-ADIC-TTP1-A	Primary Tumor	ALCH-ADIC-TTP1-A-1-0-R-A558-41	mRNA-Seq
ALCH-ADZO	ALCH-ADZO-TTP1-A	Primary Tumor	ALCH-ADZO-TTP1-A-1-0-R-A606-41	mRNA-Seq
ALCH-ACXB	ALCH-ACXB-TTP1-A	FFPE Scrolls	ALCH-ACXB-TTP1-A-1-0-R-A555-41	mRNA-Seq
ALCH-AERO	ALCH-AERO-TTP1-A	Primary Tumor	ALCH-AERO-TTP1-A-2-0-R-A674-41	mRNA-Seq
ALCH-B0GC	ALCH-B0GC-TTP1-A	FFPE Scrolls	ALCH-B0GC-TTP1-A-1-0-R-A707-41	mRNA-Seq
ALCH-B39Y	ALCH-B39Y-TTP1-A	FFPE Scrolls	ALCH-B39Y-TTP1-A-1-0-R-A781-41	mRNA-Seq
ALCH-ABI1	ALCH-ABI1-TTP1-A	Primary Tumor	ALCH-ABI1-TTP1-A-1-0-R-A560-41	mRNA-Seq
ALCH-B1PF	ALCH-B1PF-TTP1-A	Primary Tumor	ALCH-B1PF-TTP1-A-1-0-R-A779-41	mRNA-Seq
ALCH-B1NS	ALCH-B1NS-TTP1-A	Primary Tumor	ALCH-B1NS-TTP1-A-1-0-R-A779-41	mRNA-Seq
ALCH-B29E	ALCH-B29E-TTP1-A	FFPE Scrolls	ALCH-B29E-TTP1-A-7-0-R-A77B-41	mRNA-Seq
ALCH-B1O0	ALCH-B1O0-TTP1-A	FFPE Scrolls	ALCH-B1O0-TTP1-A-1-0-R-A708-41	mRNA-Seq
ALCH-ABD3	ALCH-ABD3-TTP1-A	Primary Tumor	ALCH-ABD3-TTP1-A-1-0-R-A559-41	mRNA-Seq
ALCH-AD93	ALCH-AD93-TTP1-A	Primary Tumor	ALCH-AD93-TTP1-A-1-0-R-A558-41	mRNA-Seq
ALCH-ADIQ	ALCH-ADIQ-TTP1-A	Primary Tumor	ALCH-ADIQ-TTP1-A-1-0-R-A583-41	mRNA-Seq
ALCH-AC70	ALCH-AC70-TTP1-A	Primary Tumor	ALCH-AC70-TTP1-A-1-0-R-A563-41	mRNA-Seq
ALCH-AER9	ALCH-AER9-TTP1-A	Primary Tumor	ALCH-AER9-TTP1-A-1-0-R-A637-41	mRNA-Seq
ALCH-ABI8	ALCH-ABI8-TTP1-A	Primary Tumor	ALCH-ABI8-TTP1-A-1-0-R-A560-41	mRNA-Seq
ALCH-B2DC	ALCH-B2DC-TTP1-A	Primary Tumor	ALCH-B2DC-TTP1-A-1-0-R-A77L-41	mRNA-Seq
ALCH-AEQG	ALCH-AEQG-TTP1-A	Primary Tumor	ALCH-AEQG-TTP1-A-1-0-R-A659-41	mRNA-Seq
ALCH-B044	ALCH-B044-TTP1-A	FFPE Scrolls	ALCH-B044-TTP1-A-5-0-R-A674-41	mRNA-Seq
ALCH-AD8Y	ALCH-AD8Y-TTP1-A	Primary Tumor	ALCH-AD8Y-TTP1-A-1-0-R-A557-41	mRNA-Seq
ALCH-B2OV	ALCH-B2OV-TTP1-A	Primary Tumor	ALCH-B2OV-TTP1-A-1-0-R-A781-41	mRNA-Seq
ALCH-AE2B	ALCH-AE2B-TTP1-A	FFPE Scrolls	ALCH-AE2B-TTP1-A-8-0-R-A588-41	mRNA-Seq
ALCH-AC5Z	ALCH-AC5Z-TTP1-A	Primary Tumor	ALCH-AC5Z-TTP1-A-1-0-R-A562-41	mRNA-Seq
ALCH-B2SN	ALCH-B2SN-TTP1-A	FFPE Scrolls	ALCH-B2SN-TTP1-A-3-0-R-A77L-41	mRNA-Seq
ALCH-AF3C	ALCH-AF3C-TTP1-A	Primary Tumor	ALCH-AF3C-TTP1-A-1-0-R-A659-41	mRNA-Seq
ALCH-B2LN	ALCH-B2LN-TTP1-A	Primary Tumor	ALCH-B2LN-TTP1-A-1-0-R-A77Q-41	mRNA-Seq
ALCH-B2B4	ALCH-B2B4-TTP1-A	FFPE Scrolls	ALCH-B2B4-TTP1-A-1-0-R-A77C-41	mRNA-Seq
ALCH-B2NT	ALCH-B2NT-TTP1-A	Primary Tumor	ALCH-B2NT-TTP1-A-1-0-R-A77Q-41	mRNA-Seq
ALCH-AE5E	ALCH-AE5E-TTP1-A	Primary Tumor	ALCH-AE5E-TTP1-A-1-0-R-A606-41	mRNA-Seq
ALCH-AEF9	ALCH-AEF9-TTP1-A	Primary Tumor	ALCH-AEF9-TTP1-A-1-0-R-A638-41	mRNA-Seq
ALCH-ABRY	ALCH-ABRY-TTP1-A	FFPE Scrolls	ALCH-ABRY-TTP1-A-10-0-R-A561-41	mRNA-Seq
ALCH-B2OL	ALCH-B2OL-TTP1-A	Primary Tumor	ALCH-B2OL-TTP1-A-1-0-R-A781-41	mRNA-Seq
ALCH-AFFR	ALCH-AFFR-TTP1-A	Primary Tumor	ALCH-AFFR-TTP1-A-1-0-R-A681-41	mRNA-Seq
ALCH-B1VC	ALCH-B1VC-TTP1-A	Primary Tumor	ALCH-B1VC-TTP1-A-1-0-R-A778-41	mRNA-Seq
ALCH-AD9K	ALCH-AD9K-TTP1-A	FFPE Scrolls	ALCH-AD9K-TTP1-A-1-0-R-A597-41	mRNA-Seq
ALCH-AC6S	ALCH-AC6S-TTP1-A	Primary Tumor	ALCH-AC6S-TTP1-A-1-0-R-A555-41	mRNA-Seq
ALCH-AEPH	ALCH-AEPH-TTP1-A	FFPE Scrolls	ALCH-AEPH-TTP1-A-2-0-R-A619-41	mRNA-Seq
ALCH-B0EL	ALCH-B0EL-TTP1-A	Primary Tumor	ALCH-B0EL-TTP1-A-1-0-R-A707-41	mRNA-Seq
ALCH-B2QI	ALCH-B2QI-TTP1-A	FFPE Scrolls	ALCH-B2QI-TTP1-A-1-0-R-A77L-41	mRNA-Seq
ALCH-B28K	ALCH-B28K-TTP1-A	FFPE Scrolls	ALCH-B28K-TTP1-A-1-0-R-A77B-41	mRNA-Seq
ALCH-B1HG	ALCH-B1HG-TTP1-A	Primary Tumor	ALCH-B1HG-TTP1-A-2-0-R-A707-41	mRNA-Seq
ALCH-B2A0	ALCH-B2A0-TTP1-A	Primary Tumor	ALCH-B2A0-TTP1-A-1-0-R-A77B-41	mRNA-Seq
ALCH-B1S3	ALCH-B1S3-TTP1-A	Primary Tumor	ALCH-B1S3-TTP1-A-3-0-R-A778-41	mRNA-Seq
ALCH-AFJO	ALCH-AFJO-TTP1-A	Primary Tumor	ALCH-AFJO-TTP1-A-1-0-R-A681-41	mRNA-Seq
ALCH-B2E8	ALCH-B2E8-TTP1-A	Primary Tumor	ALCH-B2E8-TTP1-A-1-0-R-A77L-41	mRNA-Seq
ALCH-B3E6	ALCH-B3E6-TTP1-A	FFPE Scrolls	ALCH-B3E6-TTP1-A-4-0-R-A781-41	mRNA-Seq
ALCH-ABWO	ALCH-ABWO-TTP1-A	Primary Tumor	ALCH-ABWO-TTP1-A-1-0-R-A76O-41	mRNA-Seq
ALCH-ABSR	ALCH-ABSR-TTP1-A	Primary Tumor	ALCH-ABSR-TTP1-A-1-0-R-A561-41	mRNA-Seq
ALCH-AFEX	ALCH-AFEX-TTP1-A	Primary Tumor	ALCH-AFEX-TTP1-A-2-0-R-A681-41	mRNA-Seq
ALCH-B1X4	ALCH-B1X4-TTP1-A	Primary Tumor	ALCH-B1X4-TTP1-A-1-0-R-A778-41	mRNA-Seq
ALCH-AFFC	ALCH-AFFC-TTP1-A	Primary Tumor	ALCH-AFFC-TTP1-A-1-0-R-A666-41	mRNA-Seq
ALCH-AEPX	ALCH-AEPX-TTP1-A	FFPE Scrolls	ALCH-AEPX-TTP1-A-1-0-R-A619-41	mRNA-Seq
ALCH-AE53	ALCH-AE53-TTP1-A	Primary Tumor	ALCH-AE53-TTP1-A-1-0-R-A606-41	mRNA-Seq
ALCH-B0F7	ALCH-B0F7-TTP1-A	Primary Tumor	ALCH-B0F7-TTP1-A-1-0-R-A696-41	mRNA-Seq
ALCH-B2E1	ALCH-B2E1-TTP1-A	Primary Tumor	ALCH-B2E1-TTP1-A-2-0-R-A77Q-41	mRNA-Seq
ALCH-ABYJ	ALCH-ABYJ-TTP1-A	Primary Tumor	ALCH-ABYJ-TTP1-A-1-0-R-A562-41	mRNA-Seq
ALCH-AFDM	ALCH-AFDM-TTP1-A	Primary Tumor	ALCH-AFDM-TTP1-A-1-0-R-A674-41	mRNA-Seq
ALCH-B0AO	ALCH-B0AO-TTP1-A	FFPE Scrolls	ALCH-B0AO-TTP1-A-1-0-R-A779-41	mRNA-Seq
ALCH-AEBJ	ALCH-AEBJ-TTP1-A	Primary Tumor	ALCH-AEBJ-TTP1-A-1-0-R-A619-41	mRNA-Seq
ALCH-ADNE	ALCH-ADNE-TTP1-A	Primary Tumor	ALCH-ADNE-TTP1-A-1-0-R-A711-41	mRNA-Seq
ALCH-AD9U	ALCH-AD9U-TTP1-A	Primary Tumor	ALCH-AD9U-TTP1-A-1-0-R-A557-41	mRNA-Seq
ALCH-B1LB	ALCH-B1LB-TTP1-A	FFPE Scrolls	ALCH-B1LB-TTP1-A-1-0-R-A708-41	mRNA-Seq
ALCH-ADNQ	ALCH-ADNQ-TTP1-A	FFPE Scrolls	ALCH-ADNQ-TTP1-A-1-0-R-A557-41	mRNA-Seq
ALCH-AF3W	ALCH-AF3W-TTP1-C	FFPE Scrolls	ALCH-AF3W-TTP1-C-1-0-R-A681-41	mRNA-Seq
ALCH-B1T9	ALCH-B1T9-TTP1-A	Primary Tumor	ALCH-B1T9-TTP1-A-2-0-R-A778-41	mRNA-Seq
ALCH-AERM	ALCH-AERM-TTP1-A	Primary Tumor	ALCH-AERM-TTP1-A-1-0-R-A637-41	mRNA-Seq
ALCH-ADYQ	ALCH-ADYQ-TTP1-A	FFPE Scrolls	ALCH-ADYQ-TTP1-A-1-0-R-A558-41	mRNA-Seq
ALCH-AFDH	ALCH-AFDH-TTP1-A	Primary Tumor	ALCH-AFDH-TTP1-A-2-0-R-A681-41	mRNA-Seq
ALCH-B1N4	ALCH-B1N4-TTP1-A	Primary Tumor	ALCH-B1N4-TTP1-A-1-0-R-A779-41	mRNA-Seq
ALCH-B1P7	ALCH-B1P7-TTP1-A	Primary Tumor	ALCH-B1P7-TTP1-A-2-0-R-A779-41	mRNA-Seq
ALCH-AEJJ	ALCH-AEJJ-TTP1-A	Primary Tumor	ALCH-AEJJ-TTP1-A-1-0-R-A619-41	mRNA-Seq
ALCH-AEBX	ALCH-AEBX-TTP1-A	Primary Tumor	ALCH-AEBX-TTP1-A-1-0-R-A619-41	mRNA-Seq
ALCH-AELT	ALCH-AELT-TTP1-A	Primary Tumor	ALCH-AELT-TTP1-A-1-0-R-A638-41	mRNA-Seq
ALCH-ABC4	ALCH-ABC4-TTP1-A	Primary Tumor	ALCH-ABC4-TTP1-A-1-0-R-A559-41	mRNA-Seq
ALCH-B2UY	ALCH-B2UY-TTP1-A	FFPE Scrolls	ALCH-B2UY-TTP1-A-1-0-R-A781-41	mRNA-Seq
ALCH-B1LO	ALCH-B1LO-TTP1-A	Primary Tumor	ALCH-B1LO-TTP1-A-1-0-R-A779-41	mRNA-Seq
ALCH-AEG2	ALCH-AEG2-TTP1-A	Primary Tumor	ALCH-AEG2-TTP1-A-1-0-R-A619-41	mRNA-Seq
ALCH-B0HI	ALCH-B0HI-TTP1-A	Primary Tumor	ALCH-B0HI-TTP1-A-1-0-R-A707-41	mRNA-Seq
ALCH-B1XW	ALCH-B1XW-TTP1-A	Primary Tumor	ALCH-B1XW-TTP1-A-3-0-R-A77A-41	mRNA-Seq
ALCH-B2DD	ALCH-B2DD-TTP1-A	Primary Tumor	ALCH-B2DD-TTP1-A-1-0-R-A77C-41	mRNA-Seq
ALCH-B06E	ALCH-B06E-TTP1-A	Primary Tumor	ALCH-B06E-TTP1-A-2-0-R-A682-41	mRNA-Seq
ALCH-ACGA	ALCH-ACGA-TTP1-A	Primary Tumor	ALCH-ACGA-TTP1-A-1-0-R-A555-41	mRNA-Seq
ALCH-AF1Z	ALCH-AF1Z-TTP1-A	Primary Tumor	ALCH-AF1Z-TTP1-A-1-0-R-A674-41	mRNA-Seq
ALCH-B1PP	ALCH-B1PP-TTP1-A	Primary Tumor	ALCH-B1PP-TTP1-A-1-0-R-A779-41	mRNA-Seq
ALCH-ADWW	ALCH-ADWW-TTP1-A	Primary Tumor	ALCH-ADWW-TTP1-A-1-0-R-A606-41	mRNA-Seq
ALCH-B2MK	ALCH-B2MK-TTP1-A	FFPE Scrolls	ALCH-B2MK-TTP1-A-4-0-R-A77C-41	mRNA-Seq
ALCH-B0F5	ALCH-B0F5-TTP1-A	Primary Tumor	ALCH-B0F5-TTP1-A-1-0-R-A696-41	mRNA-Seq
ALCH-AF4F	ALCH-AF4F-TTP1-A	Primary Tumor	ALCH-AF4F-TTP1-A-1-0-R-A666-41	mRNA-Seq
ALCH-ABEZ	ALCH-ABEZ-TTP1-A	FFPE Scrolls	ALCH-ABEZ-TTP1-A-1-0-R-A559-41	mRNA-Seq
ALCH-ACWE	ALCH-ACWE-TTP1-A	Primary Tumor	ALCH-ACWE-TTP1-A-1-0-R-A555-41	mRNA-Seq
ALCH-AF3B	ALCH-AF3B-TTP1-A	FFPE Scrolls	ALCH-AF3B-TTP1-A-1-0-R-A638-41	mRNA-Seq
ALCH-AEOE	ALCH-AEOE-TTP1-A	Primary Tumor	ALCH-AEOE-TTP1-A-1-0-R-A638-41	mRNA-Seq
ALCH-ABOO	ALCH-ABOO-TTP1-A	Primary Tumor	ALCH-ABOO-TTP1-A-1-0-R-A561-41	mRNA-Seq
ALCH-B1YK	ALCH-B1YK-TTP1-A	Primary Tumor	ALCH-B1YK-TTP1-A-1-0-R-A77A-41	mRNA-Seq
ALCH-AENT	ALCH-AENT-TTP1-A	Primary Tumor	ALCH-AENT-TTP1-A-3-0-R-A666-41	mRNA-Seq
ALCH-B1S2	ALCH-B1S2-TTP1-A	FFPE Scrolls	ALCH-B1S2-TTP1-A-2-0-R-A778-41	mRNA-Seq
ALCH-AEF3	ALCH-AEF3-TTP1-A	Primary Tumor	ALCH-AEF3-TTP1-A-2-0-R-A638-41	mRNA-Seq
ALCH-ADI4	ALCH-ADI4-TTP1-A	FFPE Scrolls	ALCH-ADI4-TTP1-A-1-0-R-A557-41	mRNA-Seq
ALCH-AC6V	ALCH-AC6V-TTP1-A	Primary Tumor	ALCH-AC6V-TTP1-A-1-0-R-A563-41	mRNA-Seq
ALCH-AF3X	ALCH-AF3X-TTP1-A	FFPE Scrolls	ALCH-AF3X-TTP1-A-1-0-R-A637-41	mRNA-Seq
ALCH-ADX6	ALCH-ADX6-TTP1-A	FFPE Scrolls	ALCH-ADX6-TTP1-A-4-0-R-A558-41	mRNA-Seq
ALCH-AD96	ALCH-AD96-TTP1-A	Primary Tumor	ALCH-AD96-TTP1-A-1-0-R-A557-41	mRNA-Seq
ALCH-ABDS	ALCH-ABDS-TTP1-A	Primary Tumor	ALCH-ABDS-TTP1-A-2-0-R-A559-41	mRNA-Seq
ALCH-ADU0	ALCH-ADU0-TTP1-A	Primary Tumor	ALCH-ADU0-TTP1-A-2-0-R-A583-41	mRNA-Seq
ALCH-B1S9	ALCH-B1S9-TTP1-A	FFPE Scrolls	ALCH-B1S9-TTP1-A-1-0-R-A778-41	mRNA-Seq
ALCH-AE22	ALCH-AE22-TTP1-A	Primary Tumor	ALCH-AE22-TTP1-A-1-0-R-A606-41	mRNA-Seq
ALCH-AEFN	ALCH-AEFN-TTP1-A	FFPE Scrolls	ALCH-AEFN-TTP1-A-2-0-R-A597-41	mRNA-Seq
ALCH-AC86	ALCH-AC86-TTP1-A	Primary Tumor	ALCH-AC86-TTP1-A-1-0-R-A555-41	mRNA-Seq
ALCH-AEPN	ALCH-AEPN-TTP1-A	Primary Tumor	ALCH-AEPN-TTP1-A-2-0-R-A674-41	mRNA-Seq
ALCH-ABF4	ALCH-ABF4-TTP1-A	Primary Tumor	ALCH-ABF4-TTP1-A-1-0-R-A559-41	mRNA-Seq
ALCH-B202	ALCH-B202-TTP1-A	Primary Tumor	ALCH-B202-TTP1-A-3-0-R-A77A-41	mRNA-Seq
ALCH-AD9Q	ALCH-AD9Q-TTP1-A	Primary Tumor	ALCH-AD9Q-TTP1-A-1-0-R-A557-41	mRNA-Seq
ALCH-B0AW	ALCH-B0AW-TTP1-A	Primary Tumor	ALCH-B0AW-TTP1-A-1-0-R-A682-41	mRNA-Seq
ALCH-AEUE	ALCH-AEUE-TTP1-A	FFPE Scrolls	ALCH-AEUE-TTP1-A-1-0-R-A619-41	mRNA-Seq
ALCH-B2D5	ALCH-B2D5-TTP1-A	Primary Tumor	ALCH-B2D5-TTP1-A-1-0-R-A77L-41	mRNA-Seq
ALCH-AE7C	ALCH-AE7C-TTP1-A	Primary Tumor	ALCH-AE7C-TTP1-A-2-0-R-A638-41	mRNA-Seq
ALCH-B1NZ	ALCH-B1NZ-TTP1-A	Primary Tumor	ALCH-B1NZ-TTP1-A-1-0-R-A779-41	mRNA-Seq
ALCH-ADX2	ALCH-ADX2-TTP1-A	Primary Tumor	ALCH-ADX2-TTP1-A-1-0-R-A583-41	mRNA-Seq
ALCH-AD9M	ALCH-AD9M-TTP1-A	Primary Tumor	ALCH-AD9M-TTP1-A-1-0-R-A558-41	mRNA-Seq
ALCH-AF1O	ALCH-AF1O-TTP1-A	Primary Tumor	ALCH-AF1O-TTP1-A-1-0-R-A659-41	mRNA-Seq
ALCH-B1OI	ALCH-B1OI-TTP1-A	FFPE Scrolls	ALCH-B1OI-TTP1-A-1-0-R-A708-41	mRNA-Seq
ALCH-B2X0	ALCH-B2X0-TTP1-A	FFPE Scrolls	ALCH-B2X0-TTP1-A-1-0-R-A77L-41	mRNA-Seq
ALCH-B1R7	ALCH-B1R7-TTP1-A	Primary Tumor	ALCH-B1R7-TTP1-A-2-0-R-A778-41	mRNA-Seq
ALCH-ADNZ	ALCH-ADNZ-TTP1-A	Primary Tumor	ALCH-ADNZ-TTP1-A-2-0-R-A583-41	mRNA-Seq
ALCH-AE57	ALCH-AE57-TTP1-A	Primary Tumor	ALCH-AE57-TTP1-A-1-0-R-A606-41	mRNA-Seq
ALCH-B21X	ALCH-B21X-TTP1-A	FFPE Scrolls	ALCH-B21X-TTP1-A-1-0-R-A77A-41	mRNA-Seq
ALCH-AET4	ALCH-AET4-TTP1-A	Primary Tumor	ALCH-AET4-TTP1-A-1-0-R-A659-41	mRNA-Seq
ALCH-B21B	ALCH-B21B-TTP1-A	Primary Tumor	ALCH-B21B-TTP1-A-1-0-R-A77A-41	mRNA-Seq
ALCH-AC69	ALCH-AC69-TTP1-A	FFPE Scrolls	ALCH-AC69-TTP1-A-2-0-R-A562-41	mRNA-Seq
ALCH-B221	ALCH-B221-TTP1-A	Primary Tumor	ALCH-B221-TTP1-A-1-0-R-A77A-41	mRNA-Seq
ALCH-ACXT	ALCH-ACXT-TTP1-A	FFPE Scrolls	ALCH-ACXT-TTP1-A-1-0-R-A556-41	mRNA-Seq
ALCH-B0D3	ALCH-B0D3-TTP1-A	Primary Tumor	ALCH-B0D3-TTP1-A-2-0-R-A696-41	mRNA-Seq
ALCH-B25R	ALCH-B25R-TTP1-A	Primary Tumor	ALCH-B25R-TTP1-A-2-0-R-A77B-41	mRNA-Seq
ALCH-ABIL	ALCH-ABIL-TTP1-A	FFPE Scrolls	ALCH-ABIL-TTP1-A-7-0-R-A560-41	mRNA-Seq
ALCH-AETK	ALCH-AETK-TTP1-A	Primary Tumor	ALCH-AETK-TTP1-A-1-0-R-A659-41	mRNA-Seq
ALCH-B37S	ALCH-B37S-TTP1-A	FFPE Scrolls	ALCH-B37S-TTP1-A-1-0-R-A781-41	mRNA-Seq
ALCH-AD84	ALCH-AD84-TTP1-A	Primary Tumor	ALCH-AD84-TTP1-A-1-0-R-A557-41	mRNA-Seq
ALCH-AET7	ALCH-AET7-TTP1-A	Primary Tumor	ALCH-AET7-TTP1-A-1-0-R-A637-41	mRNA-Seq
ALCH-ABDJ	ALCH-ABDJ-TTP1-A	Primary Tumor	ALCH-ABDJ-TTP1-A-1-0-R-A559-41	mRNA-Seq
ALCH-ADUS	ALCH-ADUS-TTP1-A	Primary Tumor	ALCH-ADUS-TTP1-A-1-0-R-A583-41	mRNA-Seq
ALCH-B24W	ALCH-B24W-TTP1-A	Primary Tumor	ALCH-B24W-TTP1-A-1-0-R-A77A-41	mRNA-Seq
ALCH-ACHE	ALCH-ACHE-TTR1-A	FFPE Recurrent	ALCH-ACHE-TTR1-A-2-0-R-A637-41	mRNA-Seq
ALCH-B3FQ	ALCH-B3FQ-TTP1-A	FFPE Scrolls	ALCH-B3FQ-TTP1-A-4-0-R-A781-41	mRNA-Seq
ALCH-ADYN	ALCH-ADYN-TTP1-A	Primary Tumor	ALCH-ADYN-TTP1-A-1-0-R-A606-41	mRNA-Seq
ALCH-ABNT	ALCH-ABNT-TTP1-A	Primary Tumor	ALCH-ABNT-TTP1-A-1-0-R-A560-41	mRNA-Seq
ALCH-B1WQ	ALCH-B1WQ-TTP1-A	Primary Tumor	ALCH-B1WQ-TTP1-A-1-0-R-A778-41	mRNA-Seq
ALCH-ACGG	ALCH-ACGG-TTP1-A	Primary Tumor	ALCH-ACGG-TTP1-A-1-0-R-A555-41	mRNA-Seq
ALCH-B29W	ALCH-B29W-TTP1-A	Primary Tumor	ALCH-B29W-TTP1-A-1-0-R-A77B-41	mRNA-Seq
ALCH-ADMO	ALCH-ADMO-TTP1-A	FFPE Scrolls	ALCH-ADMO-TTP1-A-1-0-R-A557-41	mRNA-Seq
ALCH-ABUK	ALCH-ABUK-TTP1-A	Primary Tumor	ALCH-ABUK-TTP1-A-3-0-R-A561-41	mRNA-Seq
ALCH-AEZH	ALCH-AEZH-TTP1-A	Primary Tumor	ALCH-AEZH-TTP1-A-1-0-R-A659-41	mRNA-Seq
ALCH-B1OL	ALCH-B1OL-TTP1-A	Primary Tumor	ALCH-B1OL-TTP1-A-1-0-R-A779-41	mRNA-Seq
ALCH-B29V	ALCH-B29V-TTP1-A	Primary Tumor	ALCH-B29V-TTP1-A-1-0-R-A77B-41	mRNA-Seq
ALCH-B2OT	ALCH-B2OT-TTP1-A	Primary Tumor	ALCH-B2OT-TTP1-A-1-0-R-A77Q-41	mRNA-Seq
ALCH-ABZF	ALCH-ABZF-TTP1-A	FFPE Scrolls	ALCH-ABZF-TTP1-A-1-0-R-A562-41	mRNA-Seq
ALCH-AEG8	ALCH-AEG8-TTP1-A	Primary Tumor	ALCH-AEG8-TTP1-A-1-0-R-A638-41	mRNA-Seq
ALCH-B27U	ALCH-B27U-TTP1-A	FFPE Scrolls	ALCH-B27U-TTP1-A-1-0-R-A77B-41	mRNA-Seq
ALCH-AES2	ALCH-AES2-TTP1-A	Primary Tumor	ALCH-AES2-TTP1-A-2-0-R-A674-41	mRNA-Seq
ALCH-ABYI	ALCH-ABYI-TTP1-A	Primary Tumor	ALCH-ABYI-TTP1-A-1-0-R-A562-41	mRNA-Seq
ALCH-ADIB	ALCH-ADIB-TTP1-A	FFPE Scrolls	ALCH-ADIB-TTP1-A-1-0-R-A557-41	mRNA-Seq
ALCH-B1Z3	ALCH-B1Z3-TTP1-A	Primary Tumor	ALCH-B1Z3-TTP1-A-1-0-R-A77A-41	mRNA-Seq
ALCH-ADHN	ALCH-ADHN-TTP1-A	Primary Tumor	ALCH-ADHN-TTP1-A-1-0-R-A583-41	mRNA-Seq
ALCH-B1XF	ALCH-B1XF-TTP1-A	FFPE Scrolls	ALCH-B1XF-TTP1-A-2-0-R-A77A-41	mRNA-Seq
ALCH-AD8O	ALCH-AD8O-TTP1-A	Primary Tumor	ALCH-AD8O-TTP1-A-1-0-R-A556-41	mRNA-Seq
ALCH-B04Y	ALCH-B04Y-TTP1-A	Primary Tumor	ALCH-B04Y-TTP1-A-1-0-R-A707-41	mRNA-Seq
ALCH-AD90	ALCH-AD90-TTP1-A	FFPE Scrolls	ALCH-AD90-TTP1-A-1-0-R-A556-41	mRNA-Seq
ALCH-AEPJ	ALCH-AEPJ-TTP1-A	Primary Tumor	ALCH-AEPJ-TTP1-A-2-0-R-A674-41	mRNA-Seq
ALCH-B1ZL	ALCH-B1ZL-TTP1-A	Primary Tumor	ALCH-B1ZL-TTP1-A-1-0-R-A77A-41	mRNA-Seq
ALCH-AE66	ALCH-AE66-TTP1-A	Primary Tumor	ALCH-AE66-TTP1-A-2-0-R-A638-41	mRNA-Seq
ALCH-AFA5	ALCH-AFA5-TTP1-A	Primary Tumor	ALCH-AFA5-TTP1-A-2-0-R-A666-41	mRNA-Seq
ALCH-AE01	ALCH-AE01-TTP1-A	Primary Tumor	ALCH-AE01-TTP1-A-2-0-R-A606-41	mRNA-Seq
ALCH-B0E5	ALCH-B0E5-TTP1-A	Primary Tumor	ALCH-B0E5-TTP1-A-1-0-R-A696-41	mRNA-Seq
ALCH-ABDE	ALCH-ABDE-TTP1-A	Primary Tumor	ALCH-ABDE-TTP1-A-1-0-R-A559-41	mRNA-Seq
ALCH-AC6D	ALCH-AC6D-TTP1-A	Primary Tumor	ALCH-AC6D-TTP1-A-1-0-R-A562-41	mRNA-Seq
ALCH-ADPV	ALCH-ADPV-TTP1-A	Primary Tumor	ALCH-ADPV-TTP1-A-1-0-R-A583-41	mRNA-Seq
ALCH-ABDU	ALCH-ABDU-TTP1-A	Primary Tumor	ALCH-ABDU-TTP1-A-1-0-R-A559-41	mRNA-Seq
ALCH-ABC7	ALCH-ABC7-TTP1-A	Primary Tumor	ALCH-ABC7-TTP1-A-1-0-R-A559-41	mRNA-Seq
ALCH-AFFO	ALCH-AFFO-TTP1-A	Primary Tumor	ALCH-AFFO-TTP1-A-1-0-R-A666-41	mRNA-Seq
ALCH-ABUD	ALCH-ABUD-TTP1-A	Primary Tumor	ALCH-ABUD-TTP1-A-1-0-R-A561-41	mRNA-Seq
ALCH-B3EY	ALCH-B3EY-TTP1-A	FFPE Scrolls	ALCH-B3EY-TTP1-A-1-0-R-A781-41	mRNA-Seq
ALCH-B26E	ALCH-B26E-TTP1-A	Primary Tumor	ALCH-B26E-TTP1-A-1-0-R-A77B-41	mRNA-Seq
ALCH-B02R	ALCH-B02R-TTP1-A	Primary Tumor	ALCH-B02R-TTP1-A-1-0-R-A674-41	mRNA-Seq
ALCH-ABFA	ALCH-ABFA-TTP1-A	Primary Tumor	ALCH-ABFA-TTP1-A-1-0-R-A559-41	mRNA-Seq
ALCH-B2DK	ALCH-B2DK-TTP1-A	Primary Tumor	ALCH-B2DK-TTP1-A-1-0-R-A77L-41	mRNA-Seq
ALCH-B2EA	ALCH-B2EA-TTP1-A	FFPE Scrolls	ALCH-B2EA-TTP1-A-1-0-R-A77C-41	mRNA-Seq
ALCH-AD7Z	ALCH-AD7Z-TTP1-A	Primary Tumor	ALCH-AD7Z-TTP1-A-1-0-R-A556-41	mRNA-Seq
ALCH-ABBL	ALCH-ABBL-TTP1-A	Primary Tumor	ALCH-ABBL-TTP1-A-1-0-R-A559-41	mRNA-Seq
ALCH-B02M	ALCH-B02M-TTP1-A	Primary Tumor	ALCH-B02M-TTP1-A-1-0-R-A681-41	mRNA-Seq
ALCH-ABYB	ALCH-ABYB-TTP1-A	Primary Tumor	ALCH-ABYB-TTP1-A-1-0-R-A562-41	mRNA-Seq
ALCH-AFB0	ALCH-AFB0-TTP1-A	FFPE Scrolls	ALCH-AFB0-TTP1-A-1-0-R-A659-41	mRNA-Seq
ALCH-ABFN	ALCH-ABFN-TTP1-A	FFPE Scrolls	ALCH-ABFN-TTP1-A-6-0-R-A559-41	mRNA-Seq
ALCH-B1UM	ALCH-B1UM-TTP1-A	Primary Tumor	ALCH-B1UM-TTP1-A-1-0-R-A778-41	mRNA-Seq
ALCH-B26V	ALCH-B26V-TTP1-A	Primary Tumor	ALCH-B26V-TTP1-A-1-0-R-A77B-41	mRNA-Seq
ALCH-B20J	ALCH-B20J-TTP1-A	Primary Tumor	ALCH-B20J-TTP1-A-1-0-R-A77A-41	mRNA-Seq
ALCH-AD38	ALCH-AD38-TTP1-A	Primary Tumor	ALCH-AD38-TTP1-A-1-0-R-A556-41	mRNA-Seq
ALCH-B002	ALCH-B002-TTP1-A	Primary Tumor	ALCH-B002-TTP1-A-1-0-R-A666-41	mRNA-Seq
ALCH-ADMK	ALCH-ADMK-TTP1-A	Primary Tumor	ALCH-ADMK-TTP1-A-1-0-R-A558-41	mRNA-Seq
ALCH-B254	ALCH-B254-TTP1-A	Primary Tumor	ALCH-B254-TTP1-A-1-0-R-A77B-41	mRNA-Seq
ALCH-B1JY	ALCH-B1JY-TTP1-A	FFPE Scrolls	ALCH-B1JY-TTP1-A-4-0-R-A707-41	mRNA-Seq
ALCH-ABDB	ALCH-ABDB-TTP1-A	Primary Tumor	ALCH-ABDB-TTP1-A-1-0-R-A559-41	mRNA-Seq
ALCH-B1N2	ALCH-B1N2-TTP1-A	Primary Tumor	ALCH-B1N2-TTP1-A-2-0-R-A779-41	mRNA-Seq
ALCH-ADFY	ALCH-ADFY-TTP1-A	Primary Tumor	ALCH-ADFY-TTP1-A-3-0-R-A558-41	mRNA-Seq
ALCH-ABOR	ALCH-ABOR-TTR1-A	FFPE Recurrent	ALCH-ABOR-TTR1-A-1-0-R-A588-41	mRNA-Seq
ALCH-ACGF	ALCH-ACGF-TTP1-A	FFPE Scrolls	ALCH-ACGF-TTP1-A-2-0-R-A555-41	mRNA-Seq
ALCH-AF1Y	ALCH-AF1Y-TTR1-A	FFPE Recurrent	ALCH-AF1Y-TTR1-A-1-0-R-A77D-41	mRNA-Seq
ALCH-ABCY	ALCH-ABCY-TTP1-A	Primary Tumor	ALCH-ABCY-TTP1-A-1-0-R-A559-41	mRNA-Seq
ALCH-B0AY	ALCH-B0AY-TTP1-A	Primary Tumor	ALCH-B0AY-TTP1-A-2-0-R-A707-41	mRNA-Seq
ALCH-AD0R	ALCH-AD0R-TTP1-A	Primary Tumor	ALCH-AD0R-TTP1-A-2-0-R-A556-41	mRNA-Seq
ALCH-AC6P	ALCH-AC6P-TTP1-A	Primary Tumor	ALCH-AC6P-TTP1-A-2-0-R-A555-41	mRNA-Seq
ALCH-ABD1	ALCH-ABD1-TTP1-A	Primary Tumor	ALCH-ABD1-TTP1-A-1-0-R-A559-41	mRNA-Seq
ALCH-ADA2	ALCH-ADA2-TTP1-A	Primary Tumor	ALCH-ADA2-TTP1-A-1-0-R-A78C-41	mRNA-Seq
ALCH-AEKA	ALCH-AEKA-TTP1-B	FFPE Scrolls	ALCH-AEKA-TTP1-B-1-0-R-A619-41	mRNA-Seq
ALCH-AC14	ALCH-AC14-TTR1-A	FFPE Recurrent	ALCH-AC14-TTR1-A-1-0-R-A76J-41	mRNA-Seq
ALCH-ABYR	ALCH-ABYR-TTP1-A	Primary Tumor	ALCH-ABYR-TTP1-A-2-0-R-A562-41	mRNA-Seq
ALCH-B3A1	ALCH-B3A1-TTP1-A	FFPE Scrolls	ALCH-B3A1-TTP1-A-1-0-R-A781-41	mRNA-Seq
ALCH-B25Z	ALCH-B25Z-TTP1-A	Primary Tumor	ALCH-B25Z-TTP1-A-1-0-R-A77B-41	mRNA-Seq
ALCH-B0H5	ALCH-B0H5-TTP1-A	FFPE Scrolls	ALCH-B0H5-TTP1-A-2-0-R-A779-41	mRNA-Seq
ALCH-B34B	ALCH-B34B-TTP1-A	FFPE Scrolls	ALCH-B34B-TTP1-A-1-0-R-A77L-41	mRNA-Seq
ALCH-ABUY	ALCH-ABUY-TTP1-A	Primary Tumor	ALCH-ABUY-TTP1-A-1-0-R-A561-41	mRNA-Seq
ALCH-B1TK	ALCH-B1TK-TTP1-A	Primary Tumor	ALCH-B1TK-TTP1-A-2-0-R-A778-41	mRNA-Seq
ALCH-AE5O	ALCH-AE5O-TTP1-A	Primary Tumor	ALCH-AE5O-TTP1-A-3-0-R-A638-41	mRNA-Seq
ALCH-AEZQ	ALCH-AEZQ-TTP1-A	Primary Tumor	ALCH-AEZQ-TTP1-A-1-0-R-A659-41	mRNA-Seq
ALCH-B1O8	ALCH-B1O8-TTP1-A	FFPE Scrolls	ALCH-B1O8-TTP1-A-1-0-R-A708-41	mRNA-Seq
ALCH-AEDX	ALCH-AEDX-TTP1-A	Primary Tumor	ALCH-AEDX-TTP1-A-1-0-R-A638-41	mRNA-Seq
ALCH-B2BL	ALCH-B2BL-TTP1-B	FFPE Scrolls	ALCH-B2BL-TTP1-B-6-0-R-A77C-41	mRNA-Seq
ALCH-B0C7	ALCH-B0C7-TTP1-A	Primary Tumor	ALCH-B0C7-TTP1-A-1-0-R-A696-41	mRNA-Seq
ALCH-B2DL	ALCH-B2DL-TTP1-A	Primary Tumor	ALCH-B2DL-TTP1-A-1-0-R-A77L-41	mRNA-Seq
ALCH-AC6O	ALCH-AC6O-TTP1-A	Primary Tumor	ALCH-AC6O-TTP1-A-1-0-R-A563-41	mRNA-Seq
ALCH-AERA	ALCH-AERA-TTP1-A	Primary Tumor	ALCH-AERA-TTP1-A-1-0-R-A637-41	mRNA-Seq
ALCH-ACXH	ALCH-ACXH-TTP1-A	FFPE Scrolls	ALCH-ACXH-TTP1-A-1-0-R-A597-41	mRNA-Seq
ALCH-AC6R	ALCH-AC6R-TTP1-A	Primary Tumor	ALCH-AC6R-TTP1-A-1-0-R-A563-41	mRNA-Seq
ALCH-AEUD	ALCH-AEUD-TTP1-A	Primary Tumor	ALCH-AEUD-TTP1-A-1-0-R-A659-41	mRNA-Seq
ALCH-ABHQ	ALCH-ABHQ-TTP1-A	Primary Tumor	ALCH-ABHQ-TTP1-A-1-0-R-A560-41	mRNA-Seq
ALCH-AC0K	ALCH-AC0K-TTR1-A	FFPE Recurrent	ALCH-AC0K-TTR1-A-14-0-R-A674-41	mRNA-Seq
ALCH-ABDM	ALCH-ABDM-TTP1-A	Primary Tumor	ALCH-ABDM-TTP1-A-5-0-R-A559-41	mRNA-Seq
ALCH-B282	ALCH-B282-TTP1-A	Primary Tumor	ALCH-B282-TTP1-A-1-0-R-A77B-41	mRNA-Seq
ALCH-ACG9	ALCH-ACG9-TTP1-A	Primary Tumor	ALCH-ACG9-TTP1-A-1-0-R-A555-41	mRNA-Seq
ALCH-B04T	ALCH-B04T-TTP1-A	Primary Tumor	ALCH-B04T-TTP1-A-1-0-R-A681-41	mRNA-Seq
ALCH-AEEM	ALCH-AEEM-TTP1-A	FFPE Scrolls	ALCH-AEEM-TTP1-A-1-0-R-A597-41	mRNA-Seq
ALCH-AE08	ALCH-AE08-TTP1-A	Primary Tumor	ALCH-AE08-TTP1-A-1-0-R-A606-41	mRNA-Seq
ALCH-B01C	ALCH-B01C-TTP1-A	Primary Tumor	ALCH-B01C-TTP1-A-1-0-R-A681-41	mRNA-Seq
ALCH-B1KP	ALCH-B1KP-TTP1-A	Primary Tumor	ALCH-B1KP-TTP1-A-1-0-R-A708-41	mRNA-Seq
ALCH-ABXG	ALCH-ABXG-TTP1-A	Primary Tumor	ALCH-ABXG-TTP1-A-1-0-R-A561-41	mRNA-Seq
ALCH-AE1E	ALCH-AE1E-TTR1-A	FFPE Recurrent	ALCH-AE1E-TTR1-A-1-0-R-A708-41	mRNA-Seq
ALCH-B2E7	ALCH-B2E7-TTP1-A	Primary Tumor	ALCH-B2E7-TTP1-A-2-0-R-A77Q-41	mRNA-Seq
ALCH-B2CK	ALCH-B2CK-TTP1-A	FFPE Scrolls	ALCH-B2CK-TTP1-A-1-0-R-A77C-41	mRNA-Seq
ALCH-AELK	ALCH-AELK-TTP1-A	Primary Tumor	ALCH-AELK-TTP1-A-1-0-R-A76O-41	mRNA-Seq
ALCH-B1UN	ALCH-B1UN-TTP1-A	FFPE Scrolls	ALCH-B1UN-TTP1-A-4-0-R-A778-41	mRNA-Seq
ALCH-B1J4	ALCH-B1J4-TTP1-A	Primary Tumor	ALCH-B1J4-TTP1-A-1-0-R-A779-41	mRNA-Seq
ALCH-ACI6	ALCH-ACI6-TTP1-A	Primary Tumor	ALCH-ACI6-TTP1-A-1-0-R-A606-41	mRNA-Seq
ALCH-B24U	ALCH-B24U-TTP1-A	Primary Tumor	ALCH-B24U-TTP1-A-2-0-R-A77A-41	mRNA-Seq
ALCH-B1Q7	ALCH-B1Q7-TTP1-A	Primary Tumor	ALCH-B1Q7-TTP1-A-1-0-R-A779-41	mRNA-Seq
ALCH-B1YJ	ALCH-B1YJ-TTP1-A	Primary Tumor	ALCH-B1YJ-TTP1-A-1-0-R-A77A-41	mRNA-Seq
ALCH-AF1F	ALCH-AF1F-TTP1-A	Primary Tumor	ALCH-AF1F-TTP1-A-2-0-R-A681-41	mRNA-Seq
ALCH-B24V	ALCH-B24V-TTP1-A	Primary Tumor	ALCH-B24V-TTP1-A-2-0-R-A77A-41	mRNA-Seq
ALCH-ABNA	ALCH-ABNA-TTP1-A	Primary Tumor	ALCH-ABNA-TTP1-A-1-0-R-A560-41	mRNA-Seq
ALCH-B1JQ	ALCH-B1JQ-TTP1-A	Primary Tumor	ALCH-B1JQ-TTP1-A-1-0-R-A707-41	mRNA-Seq
ALCH-ABUB	ALCH-ABUB-TTP1-A	Primary Tumor	ALCH-ABUB-TTP1-A-1-0-R-A561-41	mRNA-Seq
ALCH-B1VB	ALCH-B1VB-TTP1-A	Primary Tumor	ALCH-B1VB-TTP1-A-1-0-R-A778-41	mRNA-Seq
ALCH-B0A8	ALCH-B0A8-TTP1-A	Primary Tumor	ALCH-B0A8-TTP1-A-1-0-R-A707-41	mRNA-Seq
ALCH-ADA7	ALCH-ADA7-TTP1-A	Primary Tumor	ALCH-ADA7-TTP1-A-1-0-R-A557-41	mRNA-Seq
ALCH-AE85	ALCH-AE85-TTP1-A	Primary Tumor	ALCH-AE85-TTP1-A-1-0-R-A76O-41	mRNA-Seq
ALCH-B1WM	ALCH-B1WM-TTP1-A	Primary Tumor	ALCH-B1WM-TTP1-A-2-0-R-A778-41	mRNA-Seq
ALCH-AE0I	ALCH-AE0I-TTP1-A	Primary Tumor	ALCH-AE0I-TTP1-A-2-0-R-A606-41	mRNA-Seq
ALCH-ADXF	ALCH-ADXF-TTP1-A	Primary Tumor	ALCH-ADXF-TTP1-A-1-0-R-A606-41	mRNA-Seq
ALCH-B37Q	ALCH-B37Q-TTP1-A	FFPE Scrolls	ALCH-B37Q-TTP1-A-1-0-R-A781-41	mRNA-Seq
ALCH-ABNC	ALCH-ABNC-TTP1-A	Primary Tumor	ALCH-ABNC-TTP1-A-2-0-R-A560-41	mRNA-Seq
ALCH-B0EM	ALCH-B0EM-TTP1-A	FFPE Scrolls	ALCH-B0EM-TTP1-A-1-0-R-A779-41	mRNA-Seq
ALCH-B1N8	ALCH-B1N8-TTP1-A	Primary Tumor	ALCH-B1N8-TTP1-A-1-0-R-A779-41	mRNA-Seq
ALCH-B0B1	ALCH-B0B1-TTP1-A	Primary Tumor	ALCH-B0B1-TTP1-A-1-0-R-A682-41	mRNA-Seq
ALCH-B217	ALCH-B217-TTP1-A	Primary Tumor	ALCH-B217-TTP1-A-1-0-R-A77A-41	mRNA-Seq
ALCH-AEZ1	ALCH-AEZ1-TTP1-A	Primary Tumor	ALCH-AEZ1-TTP1-A-1-0-R-A659-41	mRNA-Seq
ALCH-B2MH	ALCH-B2MH-TTP1-A	Primary Tumor	ALCH-B2MH-TTP1-A-1-0-R-A77Q-41	mRNA-Seq
ALCH-AC85	ALCH-AC85-TTP1-A	Primary Tumor	ALCH-AC85-TTP1-A-1-0-R-A555-41	mRNA-Seq
ALCH-B20Y	ALCH-B20Y-TTP1-A	Primary Tumor	ALCH-B20Y-TTP1-A-2-0-R-A77A-41	mRNA-Seq
ALCH-ABBZ	ALCH-ABBZ-TTP1-A	Primary Tumor	ALCH-ABBZ-TTP1-A-1-0-R-A559-41	mRNA-Seq
ALCH-ADWX	ALCH-ADWX-TTP1-A	Primary Tumor	ALCH-ADWX-TTP1-A-1-0-R-A588-41	mRNA-Seq
ALCH-ADUJ	ALCH-ADUJ-TTP1-A	Primary Tumor	ALCH-ADUJ-TTP1-A-1-0-R-A711-41	mRNA-Seq
ALCH-ADC8	ALCH-ADC8-TTP1-A	Primary Tumor	ALCH-ADC8-TTP1-A-1-0-R-A557-41	mRNA-Seq
ALCH-AEFH	ALCH-AEFH-TTP1-A	Primary Tumor	ALCH-AEFH-TTP1-A-2-0-R-A638-41	mRNA-Seq
ALCH-B1QK	ALCH-B1QK-TTP1-A	Primary Tumor	ALCH-B1QK-TTP1-A-3-0-R-A778-41	mRNA-Seq
ALCH-B1WD	ALCH-B1WD-TTP1-A	Primary Tumor	ALCH-B1WD-TTP1-A-1-0-R-A778-41	mRNA-Seq
ALCH-AET5	ALCH-AET5-TTP1-A	FFPE Scrolls	ALCH-AET5-TTP1-A-1-0-R-A619-41	mRNA-Seq
ALCH-B0FU	ALCH-B0FU-TTP1-A	Primary Tumor	ALCH-B0FU-TTP1-A-2-0-R-A707-41	mRNA-Seq
ALCH-B1JG	ALCH-B1JG-TTP1-A	FFPE Scrolls	ALCH-B1JG-TTP1-A-1-0-R-A707-41	mRNA-Seq
ALCH-B010	ALCH-B010-TTP1-A	Primary Tumor	ALCH-B010-TTP1-A-1-0-R-A681-41	mRNA-Seq
ALCH-B1KQ	ALCH-B1KQ-TTP1-A	Primary Tumor	ALCH-B1KQ-TTP1-A-2-0-R-A779-41	mRNA-Seq
ALCH-ADX1	ALCH-ADX1-TTP1-A	Primary Tumor	ALCH-ADX1-TTP1-A-1-0-R-A606-41	mRNA-Seq
ALCH-ADP0	ALCH-ADP0-TTP1-A	Primary Tumor	ALCH-ADP0-TTP1-A-1-0-R-A566-41	mRNA-Seq
ALCH-B1XA	ALCH-B1XA-TTP1-A	Primary Tumor	ALCH-B1XA-TTP1-A-1-0-R-A77A-41	mRNA-Seq
ALCH-ADG6	ALCH-ADG6-TTP1-A	FFPE Scrolls	ALCH-ADG6-TTP1-A-1-0-R-A557-41	mRNA-Seq
ALCH-AEUG	ALCH-AEUG-TTP1-A	Primary Tumor	ALCH-AEUG-TTP1-A-1-0-R-A659-41	mRNA-Seq
ALCH-AD9L	ALCH-AD9L-TTP1-A	Primary Tumor	ALCH-AD9L-TTP1-A-1-0-R-A557-41	mRNA-Seq
ALCH-AEKO	ALCH-AEKO-TTP1-A	FFPE Scrolls	ALCH-AEKO-TTP1-A-3-0-R-A619-41	mRNA-Seq
ALCH-B1UJ	ALCH-B1UJ-TTP1-A	Primary Tumor	ALCH-B1UJ-TTP1-A-2-0-R-A778-41	mRNA-Seq
ALCH-B2X5	ALCH-B2X5-TTP1-A	FFPE Scrolls	ALCH-B2X5-TTP1-A-1-0-R-A77L-41	mRNA-Seq
ALCH-ADYH	ALCH-ADYH-TTP1-A	Primary Tumor	ALCH-ADYH-TTP1-A-1-0-R-A711-41	mRNA-Seq
ALCH-B1UB	ALCH-B1UB-TTP1-A	Primary Tumor	ALCH-B1UB-TTP1-A-1-0-R-A778-41	mRNA-Seq
ALCH-ACGV	ALCH-ACGV-TTP1-A	Primary Tumor	ALCH-ACGV-TTP1-A-1-0-R-A555-41	mRNA-Seq
ALCH-B1U2	ALCH-B1U2-TTP1-A	FFPE Scrolls	ALCH-B1U2-TTP1-A-1-0-R-A778-41	mRNA-Seq
ALCH-ADC0	ALCH-ADC0-TTP1-A	Primary Tumor	ALCH-ADC0-TTP1-A-1-0-R-A557-41	mRNA-Seq
ALCH-B1RJ	ALCH-B1RJ-TTP1-A	FFPE Scrolls	ALCH-B1RJ-TTP1-A-1-0-R-A708-41	mRNA-Seq
ALCH-ABML	ALCH-ABML-TTP1-A	Primary Tumor	ALCH-ABML-TTP1-A-1-0-R-A560-41	mRNA-Seq
ALCH-AD0L	ALCH-AD0L-TTP1-A	Primary Tumor	ALCH-AD0L-TTP1-A-3-0-R-A556-41	mRNA-Seq
ALCH-ABXA	ALCH-ABXA-TTP1-A	Primary Tumor	ALCH-ABXA-TTP1-A-1-0-R-A561-41	mRNA-Seq
ALCH-AC62	ALCH-AC62-TTP1-A	Primary Tumor	ALCH-AC62-TTP1-A-1-0-R-A555-41	mRNA-Seq
ALCH-AE04	ALCH-AE04-TTP1-A	FFPE Scrolls	ALCH-AE04-TTP1-A-1-0-R-A583-41	mRNA-Seq
ALCH-AC82	ALCH-AC82-TTP1-A	FFPE Scrolls	ALCH-AC82-TTP1-A-1-0-R-A555-41	mRNA-Seq
ALCH-AEUI	ALCH-AEUI-TTP1-A	Primary Tumor	ALCH-AEUI-TTP1-A-1-0-R-A659-41	mRNA-Seq
ALCH-B1XQ	ALCH-B1XQ-TTP1-A	Primary Tumor	ALCH-B1XQ-TTP1-A-3-0-R-A77A-41	mRNA-Seq
ALCH-B0G0	ALCH-B0G0-TTP1-A	FFPE Scrolls	ALCH-B0G0-TTP1-A-1-0-R-A707-41	mRNA-Seq
ALCH-AD8B	ALCH-AD8B-TTR1-A	FFPE Recurrent	ALCH-AD8B-TTR1-A-1-0-R-A588-41	mRNA-Seq
ALCH-AFH0	ALCH-AFH0-TTP1-A	Primary Tumor	ALCH-AFH0-TTP1-A-1-0-R-A666-41	mRNA-Seq
ALCH-ACWM	ALCH-ACWM-TTP1-A	Primary Tumor	ALCH-ACWM-TTP1-A-2-0-R-A555-41	mRNA-Seq
ALCH-ABX3	ALCH-ABX3-TTP1-A	Primary Tumor	ALCH-ABX3-TTP1-A-1-0-R-A76O-41	mRNA-Seq
ALCH-B24K	ALCH-B24K-TTP1-A	Primary Tumor	ALCH-B24K-TTP1-A-1-0-R-A77A-41	mRNA-Seq
ALCH-B2DS	ALCH-B2DS-TTP1-A	FFPE Scrolls	ALCH-B2DS-TTP1-A-1-0-R-A77C-41	mRNA-Seq
ALCH-AC18	ALCH-AC18-TTP1-A	Primary Tumor	ALCH-AC18-TTP1-A-1-0-R-A562-41	mRNA-Seq
ALCH-AEEZ	ALCH-AEEZ-TTP1-A	Primary Tumor	ALCH-AEEZ-TTP1-A-1-0-R-A607-41	mRNA-Seq
ALCH-AE15	ALCH-AE15-TTP1-A	Primary Tumor	ALCH-AE15-TTP1-A-1-0-R-A606-41	mRNA-Seq
ALCH-AE83	ALCH-AE83-TTP1-A	Primary Tumor	ALCH-AE83-TTP1-A-1-0-R-A76O-41	mRNA-Seq
ALCH-ABWM	ALCH-ABWM-TTP1-A	Primary Tumor	ALCH-ABWM-TTP1-A-1-0-R-A561-41	mRNA-Seq
ALCH-AENE	ALCH-AENE-TTP1-A	Primary Tumor	ALCH-AENE-TTP1-A-1-0-R-A674-41	mRNA-Seq
ALCH-B057	ALCH-B057-TTP1-A	Primary Tumor	ALCH-B057-TTP1-A-1-0-R-A682-41	mRNA-Seq
ALCH-ACXA	ALCH-ACXA-TTP1-A	FFPE Scrolls	ALCH-ACXA-TTP1-A-1-0-R-A555-41	mRNA-Seq
ALCH-B1NN	ALCH-B1NN-TTP1-A	Primary Tumor	ALCH-B1NN-TTP1-A-1-0-R-A779-41	mRNA-Seq
ALCH-B24J	ALCH-B24J-TTP1-A	Primary Tumor	ALCH-B24J-TTP1-A-1-0-R-A77A-41	mRNA-Seq
ALCH-B05B	ALCH-B05B-TTP1-A	Primary Tumor	ALCH-B05B-TTP1-A-1-0-R-A682-41	mRNA-Seq
ALCH-AD7A	ALCH-AD7A-TTP1-A	FFPE Scrolls	ALCH-AD7A-TTP1-A-2-0-R-A556-41	mRNA-Seq
ALCH-B1MQ	ALCH-B1MQ-TTP1-A	Primary Tumor	ALCH-B1MQ-TTP1-A-1-0-R-A779-41	mRNA-Seq
ALCH-AEUM	ALCH-AEUM-TTP1-B	Primary Tumor	ALCH-AEUM-TTP1-B-1-0-R-A681-41	mRNA-Seq
ALCH-ABOR	ALCH-ABOR-TTP1-A	Primary Tumor	ALCH-ABOR-TTP1-A-1-0-R-A561-41	mRNA-Seq
ALCH-AD37	ALCH-AD37-TTP1-A	Primary Tumor	ALCH-AD37-TTP1-A-1-0-R-A556-41	mRNA-Seq
ALCH-B1R3	ALCH-B1R3-TTP1-A	FFPE Scrolls	ALCH-B1R3-TTP1-A-1-0-R-A708-41	mRNA-Seq
ALCH-ABHK	ALCH-ABHK-TTP1-A	Primary Tumor	ALCH-ABHK-TTP1-A-1-0-R-A560-41	mRNA-Seq
ALCH-B36W	ALCH-B36W-TTP1-A	FFPE Scrolls	ALCH-B36W-TTP1-A-1-0-R-A781-41	mRNA-Seq
ALCH-ABDT	ALCH-ABDT-TTP1-A	FFPE Scrolls	ALCH-ABDT-TTP1-A-1-0-R-A559-41	mRNA-Seq
ALCH-AFDR	ALCH-AFDR-TTP1-A	Primary Tumor	ALCH-AFDR-TTP1-A-1-0-R-A674-41	mRNA-Seq
ALCH-AFG0	ALCH-AFG0-TTP1-A	FFPE Scrolls	ALCH-AFG0-TTP1-A-9-0-R-A637-41	mRNA-Seq
ALCH-AFGY	ALCH-AFGY-TTP1-A	Primary Tumor	ALCH-AFGY-TTP1-A-3-0-R-A696-41	mRNA-Seq
ALCH-B1KR	ALCH-B1KR-TTP1-A	Primary Tumor	ALCH-B1KR-TTP1-A-1-0-R-A708-41	mRNA-Seq
ALCH-AE51	ALCH-AE51-TTP1-A	FFPE Scrolls	ALCH-AE51-TTP1-A-1-0-R-A711-41	mRNA-Seq
ALCH-B2B7	ALCH-B2B7-TTP1-A	Primary Tumor	ALCH-B2B7-TTP1-A-1-0-R-A77C-41	mRNA-Seq
ALCH-ADNY	ALCH-ADNY-TTP1-A	FFPE Scrolls	ALCH-ADNY-TTP1-A-8-0-R-A557-41	mRNA-Seq
ALCH-AFA1	ALCH-AFA1-TTP1-A	FFPE Scrolls	ALCH-AFA1-TTP1-A-2-0-R-A637-41	mRNA-Seq
ALCH-ABFJ	ALCH-ABFJ-TTP1-A	Primary Tumor	ALCH-ABFJ-TTP1-A-1-0-R-A559-41	mRNA-Seq
ALCH-B1WU	ALCH-B1WU-TTP1-A	Primary Tumor	ALCH-B1WU-TTP1-A-1-0-R-A778-41	mRNA-Seq
ALCH-B1PM	ALCH-B1PM-TTP1-A	Primary Tumor	ALCH-B1PM-TTP1-A-1-0-R-A779-41	mRNA-Seq
ALCH-ABDZ	ALCH-ABDZ-TTP1-A	Primary Tumor	ALCH-ABDZ-TTP1-A-5-0-R-A559-41	mRNA-Seq
ALCH-B2BU	ALCH-B2BU-TTP1-A	Primary Tumor	ALCH-B2BU-TTP1-A-2-0-R-A781-41	mRNA-Seq
ALCH-B29P	ALCH-B29P-TTP1-A	Primary Tumor	ALCH-B29P-TTP1-A-1-0-R-A77B-41	mRNA-Seq
ALCH-B2C9	ALCH-B2C9-TTP1-A	Primary Tumor	ALCH-B2C9-TTP1-A-1-0-R-A77C-41	mRNA-Seq
ALCH-AD9O	ALCH-AD9O-TTP1-A	Primary Tumor	ALCH-AD9O-TTP1-A-1-0-R-A557-41	mRNA-Seq
ALCH-ABES	ALCH-ABES-TTP1-A	Primary Tumor	ALCH-ABES-TTP1-A-1-0-R-A559-41	mRNA-Seq
ALCH-B2BP	ALCH-B2BP-TTP1-A	Primary Tumor	ALCH-B2BP-TTP1-A-1-0-R-A77C-41	mRNA-Seq
ALCH-ABZX	ALCH-ABZX-TTM1-A	Metastatic	ALCH-ABZX-TTM1-A-1-0-R-A562-41	mRNA-Seq
ALCH-ADPW	ALCH-ADPW-TTP1-A	Primary Tumor	ALCH-ADPW-TTP1-A-1-0-R-A583-41	mRNA-Seq
ALCH-ADV7	ALCH-ADV7-TTP1-A	FFPE Scrolls	ALCH-ADV7-TTP1-A-3-0-R-A557-41	mRNA-Seq
ALCH-ADN6	ALCH-ADN6-TTP1-A	Primary Tumor	ALCH-ADN6-TTP1-A-1-0-R-A566-41	mRNA-Seq
ALCH-AE5B	ALCH-AE5B-TTP1-A	Primary Tumor	ALCH-AE5B-TTP1-A-1-0-R-A711-41	mRNA-Seq
ALCH-AEFB	ALCH-AEFB-TTP1-A	Primary Tumor	ALCH-AEFB-TTP1-A-2-0-R-A659-41	mRNA-Seq
ALCH-B1KL	ALCH-B1KL-TTP1-A	Primary Tumor	ALCH-B1KL-TTP1-A-1-0-R-A708-41	mRNA-Seq
ALCH-B0BY	ALCH-B0BY-TTP1-A	Primary Tumor	ALCH-B0BY-TTP1-A-1-0-R-A696-41	mRNA-Seq
ALCH-B2EL	ALCH-B2EL-TTP1-A	FFPE Scrolls	ALCH-B2EL-TTP1-A-12-0-R-A77C-41	mRNA-Seq
ALCH-B01X	ALCH-B01X-TTP1-A	Primary Tumor	ALCH-B01X-TTP1-A-1-0-R-A681-41	mRNA-Seq
ALCH-ABF5	ALCH-ABF5-TTP1-A	Primary Tumor	ALCH-ABF5-TTP1-A-1-0-R-A559-41	mRNA-Seq
ALCH-ABE3	ALCH-ABE3-TTP1-A	FFPE Scrolls	ALCH-ABE3-TTP1-A-3-0-R-A559-41	mRNA-Seq
ALCH-AET3	ALCH-AET3-TTP1-A	FFPE Scrolls	ALCH-AET3-TTP1-A-1-0-R-A619-41	mRNA-Seq
ALCH-B00Z	ALCH-B00Z-TTP1-A	Primary Tumor	ALCH-B00Z-TTP1-A-1-0-R-A681-41	mRNA-Seq
ALCH-ADXA	ALCH-ADXA-TTP1-A	FFPE Scrolls	ALCH-ADXA-TTP1-A-1-0-R-A558-41	mRNA-Seq
ALCH-B1U0	ALCH-B1U0-TTP1-A	Primary Tumor	ALCH-B1U0-TTP1-A-1-0-R-A778-41	mRNA-Seq
ALCH-B1MM	ALCH-B1MM-TTP1-A	Primary Tumor	ALCH-B1MM-TTP1-A-1-0-R-A779-41	mRNA-Seq
ALCH-AF3Y	ALCH-AF3Y-TTP1-A	FFPE Scrolls	ALCH-AF3Y-TTP1-A-1-0-R-A638-41	mRNA-Seq
ALCH-AE4X	ALCH-AE4X-TTP1-A	Primary Tumor	ALCH-AE4X-TTP1-A-1-0-R-A606-41	mRNA-Seq
ALCH-AEOS	ALCH-AEOS-TTP1-A	Primary Tumor	ALCH-AEOS-TTP1-A-1-0-R-A637-41	mRNA-Seq
ALCH-B045	ALCH-B045-TTP1-A	Primary Tumor	ALCH-B045-TTP1-A-2-0-R-A681-41	mRNA-Seq
ALCH-ADYP	ALCH-ADYP-TTP1-A	Primary Tumor	ALCH-ADYP-TTP1-A-1-0-R-A583-41	mRNA-Seq
ALCH-AFA3	ALCH-AFA3-TTP1-A	Primary Tumor	ALCH-AFA3-TTP1-A-1-0-R-A681-41	mRNA-Seq
ALCH-AC67	ALCH-AC67-TTP1-A	Primary Tumor	ALCH-AC67-TTP1-A-1-0-R-A562-41	mRNA-Seq
ALCH-B3CP	ALCH-B3CP-TTP1-A	FFPE Scrolls	ALCH-B3CP-TTP1-A-3-0-R-A781-41	mRNA-Seq
ALCH-B1VV	ALCH-B1VV-TTP1-A	Primary Tumor	ALCH-B1VV-TTP1-A-1-0-R-A778-41	mRNA-Seq
ALCH-AEP2	ALCH-AEP2-TTP1-A	Primary Tumor	ALCH-AEP2-TTP1-A-1-0-R-A637-41	mRNA-Seq
ALCH-ACG2	ALCH-ACG2-TTP1-A	Primary Tumor	ALCH-ACG2-TTP1-A-1-0-R-A555-41	mRNA-Seq
ALCH-AE1C	ALCH-AE1C-TTP1-A	FFPE Scrolls	ALCH-AE1C-TTP1-A-1-0-R-A583-41	mRNA-Seq
ALCH-B2PX	ALCH-B2PX-TTP1-A	Primary Tumor	ALCH-B2PX-TTP1-A-1-0-R-A781-41	mRNA-Seq
ALCH-B279	ALCH-B279-TTP1-A	FFPE Scrolls	ALCH-B279-TTP1-A-1-0-R-A77B-41	mRNA-Seq
ALCH-ADPT	ALCH-ADPT-TTP1-A	FFPE Scrolls	ALCH-ADPT-TTP1-A-1-0-R-A583-41	mRNA-Seq
ALCH-ADXQ	ALCH-ADXQ-TTP1-A	Primary Tumor	ALCH-ADXQ-TTP1-A-1-0-R-A583-41	mRNA-Seq
ALCH-AC7L	ALCH-AC7L-TTP1-A	Primary Tumor	ALCH-AC7L-TTP1-A-1-0-R-A563-41	mRNA-Seq
ALCH-B0HB	ALCH-B0HB-TTP1-A	FFPE Scrolls	ALCH-B0HB-TTP1-A-1-0-R-A707-41	mRNA-Seq
ALCH-AE2H	ALCH-AE2H-TTP1-A	Primary Tumor	ALCH-AE2H-TTP1-A-1-0-R-A606-41	mRNA-Seq
ALCH-ACHC	ALCH-ACHC-TTP1-A	Primary Tumor	ALCH-ACHC-TTP1-A-1-0-R-A555-41	mRNA-Seq
ALCH-B05E	ALCH-B05E-TTP1-A	FFPE Scrolls	ALCH-B05E-TTP1-A-1-0-R-A707-41	mRNA-Seq
ALCH-B2PU	ALCH-B2PU-TTP1-A	Primary Tumor	ALCH-B2PU-TTP1-A-1-0-R-A781-41	mRNA-Seq
ALCH-ABEY	ALCH-ABEY-TTP1-A	Primary Tumor	ALCH-ABEY-TTP1-A-1-0-R-A559-41	mRNA-Seq
ALCH-B2A1	ALCH-B2A1-TTP1-A	Primary Tumor	ALCH-B2A1-TTP1-A-1-0-R-A77C-41	mRNA-Seq
ALCH-B0FL	ALCH-B0FL-TTP1-A	Primary Tumor	ALCH-B0FL-TTP1-A-1-0-R-A779-41	mRNA-Seq
ALCH-ADTP	ALCH-ADTP-TTP1-A	Primary Tumor	ALCH-ADTP-TTP1-A-2-0-R-A588-41	mRNA-Seq
ALCH-B0AZ	ALCH-B0AZ-TTP1-A	Primary Tumor	ALCH-B0AZ-TTP1-A-1-0-R-A682-41	mRNA-Seq
ALCH-ADND	ALCH-ADND-TTP1-A	Primary Tumor	ALCH-ADND-TTP1-A-1-0-R-A711-41	mRNA-Seq
ALCH-AF3O	ALCH-AF3O-TTP1-B	FFPE Scrolls	ALCH-AF3O-TTP1-B-1-0-R-A637-41	mRNA-Seq
ALCH-ADTZ	ALCH-ADTZ-TTP1-A	Primary Tumor	ALCH-ADTZ-TTP1-A-1-0-R-A583-41	mRNA-Seq
ALCH-B2Q8	ALCH-B2Q8-TTP1-A	Primary Tumor	ALCH-B2Q8-TTP1-A-1-0-R-A781-41	mRNA-Seq
ALCH-B24T	ALCH-B24T-TTP1-A	Primary Tumor	ALCH-B24T-TTP1-A-2-0-R-A77A-41	mRNA-Seq
ALCH-ACXJ	ALCH-ACXJ-TTP1-A	Primary Tumor	ALCH-ACXJ-TTP1-A-1-0-R-A556-41	mRNA-Seq
ALCH-AD9S	ALCH-AD9S-TTP1-A	Primary Tumor	ALCH-AD9S-TTP1-A-1-0-R-A557-41	mRNA-Seq
ALCH-ADZK	ALCH-ADZK-TTP1-A	Primary Tumor	ALCH-ADZK-TTP1-A-1-0-R-A606-41	mRNA-Seq
ALCH-ADX0	ALCH-ADX0-TTR1-A	FFPE Recurrent	ALCH-ADX0-TTR1-A-1-0-R-A80F-41	mRNA-Seq
ALCH-ADXL	ALCH-ADXL-TTP1-A	Primary Tumor	ALCH-ADXL-TTP1-A-1-0-R-A606-41	mRNA-Seq
ALCH-ADXZ	ALCH-ADXZ-TTP1-A	Primary Tumor	ALCH-ADXZ-TTP1-A-1-0-R-A606-41	mRNA-Seq
ALCH-B2MW	ALCH-B2MW-TTP1-A	FFPE Scrolls	ALCH-B2MW-TTP1-A-1-0-R-A77C-41	mRNA-Seq
ALCH-ACFU	ALCH-ACFU-TTP1-A	FFPE Scrolls	ALCH-ACFU-TTP1-A-1-0-R-A555-41	mRNA-Seq
ALCH-AF1P	ALCH-AF1P-TTP1-A	Primary Tumor	ALCH-AF1P-TTP1-A-1-0-R-A659-41	mRNA-Seq
ALCH-B1J7	ALCH-B1J7-TTP1-B	FFPE Scrolls	ALCH-B1J7-TTP1-B-1-0-R-A707-41	mRNA-Seq
ALCH-ACWA	ALCH-ACWA-TTP1-A	Primary Tumor	ALCH-ACWA-TTP1-A-1-0-R-A555-41	mRNA-Seq
ALCH-B1P0	ALCH-B1P0-TTP1-A	Primary Tumor	ALCH-B1P0-TTP1-A-1-0-R-A779-41	mRNA-Seq
ALCH-B1QD	ALCH-B1QD-TTP1-A	Primary Tumor	ALCH-B1QD-TTP1-A-2-0-R-A778-41	mRNA-Seq
ALCH-B38G	ALCH-B38G-TTP1-A	FFPE Scrolls	ALCH-B38G-TTP1-A-2-0-R-A781-41	mRNA-Seq
ALCH-ADX4	ALCH-ADX4-TTP1-A	FFPE Scrolls	ALCH-ADX4-TTP1-A-1-0-R-A583-41	mRNA-Seq
ALCH-ABBK	ALCH-ABBK-TTP1-B	Primary Tumor	ALCH-ABBK-TTP1-B-1-0-R-A559-41	mRNA-Seq
ALCH-B1O1	ALCH-B1O1-TTP1-A	Primary Tumor	ALCH-B1O1-TTP1-A-1-0-R-A779-41	mRNA-Seq
ALCH-B1K2	ALCH-B1K2-TTP1-A	Primary Tumor	ALCH-B1K2-TTP1-A-1-0-R-A779-41	mRNA-Seq
ALCH-ABHP	ALCH-ABHP-TTP1-A	FFPE Scrolls	ALCH-ABHP-TTP1-A-1-0-R-A560-41	mRNA-Seq
ALCH-B26F	ALCH-B26F-TTP1-A	FFPE Scrolls	ALCH-B26F-TTP1-A-3-0-R-A77B-41	mRNA-Seq
ALCH-B25K	ALCH-B25K-TTP1-A	FFPE Scrolls	ALCH-B25K-TTP1-A-1-0-R-A77B-41	mRNA-Seq
ALCH-ABF1	ALCH-ABF1-TTP1-A	Primary Tumor	ALCH-ABF1-TTP1-A-1-0-R-A559-41	mRNA-Seq
ALCH-ADNR	ALCH-ADNR-TTP1-A	FFPE Scrolls	ALCH-ADNR-TTP1-A-1-0-R-A557-41	mRNA-Seq
ALCH-ABUD	ALCH-ABUD-TTR1-A	FFPE Recurrent	ALCH-ABUD-TTR1-A-1-0-R-A619-41	mRNA-Seq
ALCH-ABOF	ALCH-ABOF-TTP1-A	Primary Tumor	ALCH-ABOF-TTP1-A-1-0-R-A560-41	mRNA-Seq
ALCH-ABBQ	ALCH-ABBQ-TTP1-A	Primary Tumor	ALCH-ABBQ-TTP1-A-1-0-R-A559-41	mRNA-Seq
ALCH-AE8I	ALCH-AE8I-TTP1-A	Primary Tumor	ALCH-AE8I-TTP1-A-1-0-R-A607-41	mRNA-Seq
ALCH-B0AG	ALCH-B0AG-TTP1-A	Primary Tumor	ALCH-B0AG-TTP1-A-1-0-R-A682-41	mRNA-Seq
ALCH-ABW9	ALCH-ABW9-TTP1-A	Primary Tumor	ALCH-ABW9-TTP1-A-1-0-R-A76O-41	mRNA-Seq
ALCH-ACGJ	ALCH-ACGJ-TTP1-A	Primary Tumor	ALCH-ACGJ-TTP1-A-1-0-R-A681-41	mRNA-Seq
ALCH-B0HG	ALCH-B0HG-TTP1-A	FFPE Scrolls	ALCH-B0HG-TTP1-A-1-0-R-A707-41	mRNA-Seq
ALCH-ABZ2	ALCH-ABZ2-TTP1-A	Primary Tumor	ALCH-ABZ2-TTP1-A-1-0-R-A562-41	mRNA-Seq
ALCH-B2B8	ALCH-B2B8-TTP1-A	Primary Tumor	ALCH-B2B8-TTP1-A-1-0-R-A77C-41	mRNA-Seq
ALCH-ACIF	ALCH-ACIF-TTP1-A	Primary Tumor	ALCH-ACIF-TTP1-A-1-0-R-A555-41	mRNA-Seq
ALCH-ABXF	ALCH-ABXF-TTP1-A	Primary Tumor	ALCH-ABXF-TTP1-A-2-0-R-A561-41	mRNA-Seq
ALCH-AC7Z	ALCH-AC7Z-TTP1-A	Primary Tumor	ALCH-AC7Z-TTP1-A-1-0-R-A555-41	mRNA-Seq
ALCH-B04L	ALCH-B04L-TTP1-A	Primary Tumor	ALCH-B04L-TTP1-A-1-0-R-A681-41	mRNA-Seq
ALCH-B1UZ	ALCH-B1UZ-TTP1-A	Primary Tumor	ALCH-B1UZ-TTP1-A-3-0-R-A778-41	mRNA-Seq
ALCH-ACG7	ALCH-ACG7-TTP1-B	FFPE Scrolls	ALCH-ACG7-TTP1-B-3-0-R-A557-41	mRNA-Seq
ALCH-B355	ALCH-B355-TTP1-A	FFPE Scrolls	ALCH-B355-TTP1-A-2-0-R-A77Q-41	mRNA-Seq
ALCH-AD9B	ALCH-AD9B-TTP1-A	Primary Tumor	ALCH-AD9B-TTP1-A-1-0-R-A556-41	mRNA-Seq
ALCH-ABP6	ALCH-ABP6-TTP1-A	Primary Tumor	ALCH-ABP6-TTP1-A-1-0-R-A561-41	mRNA-Seq
ALCH-ADWM	ALCH-ADWM-TTP1-A	Primary Tumor	ALCH-ADWM-TTP1-A-1-0-R-A583-41	mRNA-Seq
ALCH-AFA4	ALCH-AFA4-TTP1-A	Primary Tumor	ALCH-AFA4-TTP1-A-1-0-R-A666-41	mRNA-Seq
ALCH-AD39	ALCH-AD39-TTP1-A	Primary Tumor	ALCH-AD39-TTP1-A-1-0-R-A556-41	mRNA-Seq
ALCH-ADZV	ALCH-ADZV-TTP1-A	Primary Tumor	ALCH-ADZV-TTP1-A-1-0-R-A606-41	mRNA-Seq
ALCH-ABXS	ALCH-ABXS-TTP1-A	Primary Tumor	ALCH-ABXS-TTP1-A-1-0-R-A561-41	mRNA-Seq
ALCH-ADWA	ALCH-ADWA-TTP1-A	Primary Tumor	ALCH-ADWA-TTP1-A-1-0-R-A583-41	mRNA-Seq
ALCH-B0CM	ALCH-B0CM-TTP1-A	Primary Tumor	ALCH-B0CM-TTP1-A-1-0-R-A696-41	mRNA-Seq
ALCH-AC65	ALCH-AC65-TTP1-A	Primary Tumor	ALCH-AC65-TTP1-A-1-0-R-A555-41	mRNA-Seq
ALCH-ADO2	ALCH-ADO2-TTP1-A	Primary Tumor	ALCH-ADO2-TTP1-A-1-0-R-A583-41	mRNA-Seq
ALCH-B286	ALCH-B286-TTP1-A	Primary Tumor	ALCH-B286-TTP1-A-1-0-R-A77B-41	mRNA-Seq
ALCH-AD3K	ALCH-AD3K-TTP1-A	Primary Tumor	ALCH-AD3K-TTP1-A-1-0-R-A643-41	mRNA-Seq
ALCH-B2B9	ALCH-B2B9-TTP1-A	Primary Tumor	ALCH-B2B9-TTP1-A-1-0-R-A77L-41	mRNA-Seq
ALCH-AE99	ALCH-AE99-TTP1-A	Primary Tumor	ALCH-AE99-TTP1-A-1-0-R-A619-41	mRNA-Seq
ALCH-AEQR	ALCH-AEQR-TTP1-A	Primary Tumor	ALCH-AEQR-TTP1-A-1-0-R-A637-41	mRNA-Seq
ALCH-AEK1	ALCH-AEK1-TTP1-A	Primary Tumor	ALCH-AEK1-TTP1-A-1-0-R-A637-41	mRNA-Seq
ALCH-B0H2	ALCH-B0H2-TTP1-A	Primary Tumor	ALCH-B0H2-TTP1-A-1-0-R-A707-41	mRNA-Seq
ALCH-B2QF	ALCH-B2QF-TTP1-A	Primary Tumor	ALCH-B2QF-TTP1-A-1-0-R-A781-41	mRNA-Seq
ALCH-B2MN	ALCH-B2MN-TTP1-A	Primary Tumor	ALCH-B2MN-TTP1-A-1-0-R-A77Q-41	mRNA-Seq
ALCH-ABYX	ALCH-ABYX-TTP1-A	Primary Tumor	ALCH-ABYX-TTP1-A-1-0-R-A562-41	mRNA-Seq
ALCH-ADXJ	ALCH-ADXJ-TTP1-A	Primary Tumor	ALCH-ADXJ-TTP1-A-3-0-R-A619-41	mRNA-Seq
ALCH-B0DZ	ALCH-B0DZ-TTP1-A	Primary Tumor	ALCH-B0DZ-TTP1-A-1-0-R-A707-41	mRNA-Seq
ALCH-AE4Z	ALCH-AE4Z-TTP1-A	Primary Tumor	ALCH-AE4Z-TTP1-A-1-0-R-A606-41	mRNA-Seq
ALCH-B1TF	ALCH-B1TF-TTP1-A	Primary Tumor	ALCH-B1TF-TTP1-A-1-0-R-A778-41	mRNA-Seq
ALCH-ABPD	ALCH-ABPD-TTP1-A	Primary Tumor	ALCH-ABPD-TTP1-A-1-0-R-A561-41	mRNA-Seq
ALCH-B0EF	ALCH-B0EF-TTP1-A	Primary Tumor	ALCH-B0EF-TTP1-A-1-0-R-A696-41	mRNA-Seq
ALCH-B1S4	ALCH-B1S4-TTP1-A	Primary Tumor	ALCH-B1S4-TTP1-A-1-0-R-A778-41	mRNA-Seq
ALCH-ABHX	ALCH-ABHX-TTR1-A	FFPE Recurrent	ALCH-ABHX-TTR1-A-1-0-R-A77L-41	mRNA-Seq
ALCH-AC7S	ALCH-AC7S-TTP1-A	Primary Tumor	ALCH-AC7S-TTP1-A-1-0-R-A563-41	mRNA-Seq
ALCH-ABXU	ALCH-ABXU-TTP1-A	Primary Tumor	ALCH-ABXU-TTP1-A-1-0-R-A561-41	mRNA-Seq
ALCH-B275	ALCH-B275-TTP1-A	Primary Tumor	ALCH-B275-TTP1-A-1-0-R-A77B-41	mRNA-Seq
ALCH-B1JX	ALCH-B1JX-TTP1-A	Primary Tumor	ALCH-B1JX-TTP1-A-1-0-R-A707-41	mRNA-Seq
ALCH-AE0P	ALCH-AE0P-TTP1-A	Primary Tumor	ALCH-AE0P-TTP1-A-1-0-R-A606-41	mRNA-Seq
ALCH-ADOU	ALCH-ADOU-TTP1-A	Primary Tumor	ALCH-ADOU-TTP1-A-1-0-R-A566-41	mRNA-Seq
ALCH-B2NG	ALCH-B2NG-TTP1-A	FFPE Scrolls	ALCH-B2NG-TTP1-A-1-0-R-A77C-41	mRNA-Seq
ALCH-AC3R	ALCH-AC3R-TTP1-A	Primary Tumor	ALCH-AC3R-TTP1-A-4-0-R-A562-41	mRNA-Seq
ALCH-ADBT	ALCH-ADBT-TTP1-A	Primary Tumor	ALCH-ADBT-TTP1-A-1-0-R-A557-41	mRNA-Seq
ALCH-B1UF	ALCH-B1UF-TTP1-A	Primary Tumor	ALCH-B1UF-TTP1-A-1-0-R-A778-41	mRNA-Seq
ALCH-AENR	ALCH-AENR-TTP1-A	Primary Tumor	ALCH-AENR-TTP1-A-1-0-R-A638-41	mRNA-Seq
ALCH-ADG8	ALCH-ADG8-TTP1-A	Primary Tumor	ALCH-ADG8-TTP1-A-1-0-R-A583-41	mRNA-Seq
ALCH-AE5L	ALCH-AE5L-TTP1-A	Primary Tumor	ALCH-AE5L-TTP1-A-1-0-R-A606-41	mRNA-Seq
ALCH-ADYV	ALCH-ADYV-TTP1-A	Primary Tumor	ALCH-ADYV-TTP1-A-1-0-R-A606-41	mRNA-Seq
ALCH-B29U	ALCH-B29U-TTP1-A	Primary Tumor	ALCH-B29U-TTP1-A-2-0-R-A77L-41	mRNA-Seq
ALCH-ADTD	ALCH-ADTD-TTP1-A	Primary Tumor	ALCH-ADTD-TTP1-A-1-0-R-A588-41	mRNA-Seq
ALCH-ADOS	ALCH-ADOS-TTP1-A	FFPE Scrolls	ALCH-ADOS-TTP1-A-3-0-R-A607-41	mRNA-Seq
ALCH-ADNU	ALCH-ADNU-TTP1-A	Primary Tumor	ALCH-ADNU-TTP1-A-1-0-R-A566-41	mRNA-Seq
ALCH-ABPE	ALCH-ABPE-TTP1-A	Primary Tumor	ALCH-ABPE-TTP1-A-2-0-R-A561-41	mRNA-Seq
ALCH-ADOY	ALCH-ADOY-TTP1-A	Primary Tumor	ALCH-ADOY-TTP1-A-1-0-R-A566-41	mRNA-Seq
ALCH-AFEI	ALCH-AFEI-TTP1-A	Primary Tumor	ALCH-AFEI-TTP1-A-1-0-R-A666-41	mRNA-Seq
ALCH-B26H	ALCH-B26H-TTP1-A	Primary Tumor	ALCH-B26H-TTP1-A-1-0-R-A77B-41	mRNA-Seq
ALCH-ABMO	ALCH-ABMO-TTP1-A	Primary Tumor	ALCH-ABMO-TTP1-A-1-0-R-A560-41	mRNA-Seq
ALCH-AETC	ALCH-AETC-TTP1-A	Primary Tumor	ALCH-AETC-TTP1-A-1-0-R-A659-41	mRNA-Seq
ALCH-AEPU	ALCH-AEPU-TTP1-A	Primary Tumor	ALCH-AEPU-TTP1-A-1-0-R-A659-41	mRNA-Seq
ALCH-AE0T	ALCH-AE0T-TTP1-A	Primary Tumor	ALCH-AE0T-TTP1-A-1-0-R-A606-41	mRNA-Seq
ALCH-B01U	ALCH-B01U-TTP1-A	Primary Tumor	ALCH-B01U-TTP1-A-3-0-R-A681-41	mRNA-Seq
ALCH-B29Z	ALCH-B29Z-TTP1-A	Primary Tumor	ALCH-B29Z-TTP1-A-1-0-R-A77B-41	mRNA-Seq
ALCH-AD71	ALCH-AD71-TTP1-A	Primary Tumor	ALCH-AD71-TTP1-A-1-0-R-A556-41	mRNA-Seq
ALCH-AE21	ALCH-AE21-TTP1-A	Primary Tumor	ALCH-AE21-TTP1-A-1-0-R-A588-41	mRNA-Seq
ALCH-B1N6	ALCH-B1N6-TTP1-A	Primary Tumor	ALCH-B1N6-TTP1-A-1-0-R-A779-41	mRNA-Seq
ALCH-AF1W	ALCH-AF1W-TTP1-A	FFPE Scrolls	ALCH-AF1W-TTP1-A-1-0-R-A638-41	mRNA-Seq
ALCH-ABHS	ALCH-ABHS-TTP1-A	Primary Tumor	ALCH-ABHS-TTP1-A-1-0-R-A560-41	mRNA-Seq
ALCH-ABY2	ALCH-ABY2-TTP1-A	Primary Tumor	ALCH-ABY2-TTP1-A-1-0-R-A562-41	mRNA-Seq
ALCH-AE85	ALCH-AE85-TTR1-A	FFPE Recurrent	ALCH-AE85-TTR1-A-1-0-R-A77C-41	mRNA-Seq
ALCH-B24H	ALCH-B24H-TTP1-A	Primary Tumor	ALCH-B24H-TTP1-A-1-0-R-A77A-41	mRNA-Seq
ALCH-ABMH	ALCH-ABMH-TTP1-A	Primary Tumor	ALCH-ABMH-TTP1-A-1-0-R-A560-41	mRNA-Seq
ALCH-ABMJ	ALCH-ABMJ-TTP1-A	FFPE Scrolls	ALCH-ABMJ-TTP1-A-3-0-R-A560-41	mRNA-Seq
ALCH-B26O	ALCH-B26O-TTP1-A	Primary Tumor	ALCH-B26O-TTP1-A-1-0-R-A77B-41	mRNA-Seq
ALCH-B1TY	ALCH-B1TY-TTP1-A	Primary Tumor	ALCH-B1TY-TTP1-A-1-0-R-A778-41	mRNA-Seq
ALCH-B0G8	ALCH-B0G8-TTP1-A	Primary Tumor	ALCH-B0G8-TTP1-A-1-0-R-A707-41	mRNA-Seq
ALCH-B1Q9	ALCH-B1Q9-TTP1-A	Primary Tumor	ALCH-B1Q9-TTP1-A-1-0-R-A778-41	mRNA-Seq
ALCH-B2Q1	ALCH-B2Q1-TTP1-A	Primary Tumor	ALCH-B2Q1-TTP1-A-1-0-R-A781-41	mRNA-Seq
ALCH-B2CE	ALCH-B2CE-TTP1-A	FFPE Scrolls	ALCH-B2CE-TTP1-A-12-0-R-A77C-41	mRNA-Seq
ALCH-AC0Z	ALCH-AC0Z-TTP1-A	Primary Tumor	ALCH-AC0Z-TTP1-A-1-0-R-A562-41	mRNA-Seq
ALCH-B2QB	ALCH-B2QB-TTP1-A	FFPE Scrolls	ALCH-B2QB-TTP1-A-8-0-R-A77L-41	mRNA-Seq
ALCH-AEBM	ALCH-AEBM-TTP1-A	Primary Tumor	ALCH-AEBM-TTP1-A-1-0-R-A607-41	mRNA-Seq
ALCH-AE1E	ALCH-AE1E-TTP1-A	Primary Tumor	ALCH-AE1E-TTP1-A-1-0-R-A597-41	mRNA-Seq
ALCH-AEK5	ALCH-AEK5-TTP1-A	FFPE Scrolls	ALCH-AEK5-TTP1-A-4-0-R-A711-41	mRNA-Seq
ALCH-ABBS	ALCH-ABBS-TTP1-A	Primary Tumor	ALCH-ABBS-TTP1-A-1-0-R-A559-41	mRNA-Seq
ALCH-B1M8	ALCH-B1M8-TTP1-A	Primary Tumor	ALCH-B1M8-TTP1-A-1-0-R-A77L-41	mRNA-Seq
ALCH-ABYP	ALCH-ABYP-TTP1-A	Primary Tumor	ALCH-ABYP-TTP1-A-1-0-R-A562-41	mRNA-Seq
ALCH-AD98	ALCH-AD98-TTP1-A	Primary Tumor	ALCH-AD98-TTP1-A-1-0-R-A557-41	mRNA-Seq
ALCH-B1MH	ALCH-B1MH-TTP1-A	Primary Tumor	ALCH-B1MH-TTP1-A-1-0-R-A779-41	mRNA-Seq
ALCH-AEKW	ALCH-AEKW-TTP1-A	Primary Tumor	ALCH-AEKW-TTP1-A-1-0-R-A638-41	mRNA-Seq
ALCH-AC89	ALCH-AC89-TTP1-A	FFPE Scrolls	ALCH-AC89-TTP1-A-1-0-R-A555-41	mRNA-Seq
ALCH-B2U0	ALCH-B2U0-TTP1-A	FFPE Scrolls	ALCH-B2U0-TTP1-A-6-0-R-A77L-41	mRNA-Seq
ALCH-B2NW	ALCH-B2NW-TTP1-A	Primary Tumor	ALCH-B2NW-TTP1-A-1-0-R-A781-41	mRNA-Seq
ALCH-AE19	ALCH-AE19-TTP1-A	Primary Tumor	ALCH-AE19-TTP1-A-2-0-R-A583-41	mRNA-Seq
ALCH-B1YG	ALCH-B1YG-TTP1-A	Primary Tumor	ALCH-B1YG-TTP1-A-1-0-R-A77A-41	mRNA-Seq
ALCH-B2BM	ALCH-B2BM-TTP1-A	Primary Tumor	ALCH-B2BM-TTP1-A-2-0-R-A77Q-41	mRNA-Seq
ALCH-AEYU	ALCH-AEYU-TTP1-A	Primary Tumor	ALCH-AEYU-TTP1-A-1-0-R-A659-41	mRNA-Seq
ALCH-B1LV	ALCH-B1LV-TTP1-A	Primary Tumor	ALCH-B1LV-TTP1-A-1-0-R-A779-41	mRNA-Seq
ALCH-B2PK	ALCH-B2PK-TTP1-A	FFPE Scrolls	ALCH-B2PK-TTP1-A-1-0-R-A77C-41	mRNA-Seq
ALCH-B04I	ALCH-B04I-TTP1-A	Primary Tumor	ALCH-B04I-TTP1-A-1-0-R-A681-41	mRNA-Seq
ALCH-AE8G	ALCH-AE8G-TTP1-A	Primary Tumor	ALCH-AE8G-TTP1-A-1-0-R-A619-41	mRNA-Seq
ALCH-AE95	ALCH-AE95-TTP1-A	Primary Tumor	ALCH-AE95-TTP1-A-1-0-R-A76O-41	mRNA-Seq
ALCH-ABWG	ALCH-ABWG-TTP1-A	Primary Tumor	ALCH-ABWG-TTP1-A-1-0-R-A561-41	mRNA-Seq
ALCH-ADV0	ALCH-ADV0-TTP1-A	FFPE Scrolls	ALCH-ADV0-TTP1-A-1-0-R-A557-41	mRNA-Seq
ALCH-AD78	ALCH-AD78-TTP1-A	Primary Tumor	ALCH-AD78-TTP1-A-1-0-R-A557-41	mRNA-Seq
ALCH-B2ON	ALCH-B2ON-TTP1-A	FFPE Scrolls	ALCH-B2ON-TTP1-A-2-0-R-A77C-41	mRNA-Seq
ALCH-B28G	ALCH-B28G-TTP1-A	Primary Tumor	ALCH-B28G-TTP1-A-1-0-R-A77B-41	mRNA-Seq
ALCH-AE7T	ALCH-AE7T-TTP1-A	Primary Tumor	ALCH-AE7T-TTP1-A-1-0-R-A607-41	mRNA-Seq
ALCH-ADMZ	ALCH-ADMZ-TTP1-A	Primary Tumor	ALCH-ADMZ-TTP1-A-1-0-R-A566-41	mRNA-Seq
ALCH-ADXB	ALCH-ADXB-TTP1-A	Primary Tumor	ALCH-ADXB-TTP1-A-1-0-R-A588-41	mRNA-Seq
ALCH-ABDY	ALCH-ABDY-TTP1-A	Primary Tumor	ALCH-ABDY-TTP1-A-1-0-R-A559-41	mRNA-Seq
ALCH-B0CT	ALCH-B0CT-TTP1-A	Primary Tumor	ALCH-B0CT-TTP1-A-1-0-R-A696-41	mRNA-Seq
ALCH-B1Z4	ALCH-B1Z4-TTP1-A	Primary Tumor	ALCH-B1Z4-TTP1-A-1-0-R-A77A-41	mRNA-Seq
ALCH-AELB	ALCH-AELB-TTP1-A	Primary Tumor	ALCH-AELB-TTP1-A-1-0-R-A638-41	mRNA-Seq
ALCH-ABVG	ALCH-ABVG-TTP1-A	Primary Tumor	ALCH-ABVG-TTP1-A-1-0-R-A561-41	mRNA-Seq
ALCH-AD8T	ALCH-AD8T-TTP1-A	Primary Tumor	ALCH-AD8T-TTP1-A-2-0-R-A557-41	mRNA-Seq
ALCH-AC5O	ALCH-AC5O-TTP1-A	Primary Tumor	ALCH-AC5O-TTP1-A-1-0-R-A562-41	mRNA-Seq
ALCH-ACHA	ALCH-ACHA-TTR1-A	FFPE Recurrent	ALCH-ACHA-TTR1-A-1-0-R-A566-41	mRNA-Seq
ALCH-B1ZV	ALCH-B1ZV-TTP1-A	Primary Tumor	ALCH-B1ZV-TTP1-A-1-0-R-A77A-41	mRNA-Seq
ALCH-ADWI	ALCH-ADWI-TTP1-A	Primary Tumor	ALCH-ADWI-TTP1-A-1-0-R-A606-41	mRNA-Seq
ALCH-B2EC	ALCH-B2EC-TTP1-A	Primary Tumor	ALCH-B2EC-TTP1-A-1-0-R-A77Q-41	mRNA-Seq
ALCH-B0F8	ALCH-B0F8-TTP1-A	Primary Tumor	ALCH-B0F8-TTP1-A-1-0-R-A696-41	mRNA-Seq
ALCH-B05Y	ALCH-B05Y-TTP1-A	Primary Tumor	ALCH-B05Y-TTP1-A-1-0-R-A682-41	mRNA-Seq
ALCH-B25I	ALCH-B25I-TTP1-A	Primary Tumor	ALCH-B25I-TTP1-A-1-0-R-A77B-41	mRNA-Seq
ALCH-B0D9	ALCH-B0D9-TTP1-A	Primary Tumor	ALCH-B0D9-TTP1-A-1-0-R-A696-41	mRNA-Seq
ALCH-ABO2	ALCH-ABO2-TTP1-A	Primary Tumor	ALCH-ABO2-TTP1-A-1-0-R-A560-41	mRNA-Seq
ALCH-AEUO	ALCH-AEUO-TTR1-A	FFPE Recurrent	ALCH-AEUO-TTR1-A-1-0-R-A80F-41	mRNA-Seq
ALCH-AETL	ALCH-AETL-TTP1-A	Primary Tumor	ALCH-AETL-TTP1-A-3-0-R-A681-41	mRNA-Seq
ALCH-AC0W	ALCH-AC0W-TTP1-A	Primary Tumor	ALCH-AC0W-TTP1-A-1-0-R-A562-41	mRNA-Seq
ALCH-AC0L	ALCH-AC0L-TTP1-A	FFPE Scrolls	ALCH-AC0L-TTP1-A-1-0-R-A562-41	mRNA-Seq
ALCH-ABYY	ALCH-ABYY-TTP1-A	Primary Tumor	ALCH-ABYY-TTP1-A-1-0-R-A562-41	mRNA-Seq
ALCH-B0A7	ALCH-B0A7-TTP1-A	Primary Tumor	ALCH-B0A7-TTP1-A-1-0-R-A682-41	mRNA-Seq
ALCH-B2OS	ALCH-B2OS-TTP1-A	Primary Tumor	ALCH-B2OS-TTP1-A-1-0-R-A781-41	mRNA-Seq
ALCH-B2E9	ALCH-B2E9-TTP1-A	Primary Tumor	ALCH-B2E9-TTP1-A-1-0-R-A77L-41	mRNA-Seq
ALCH-ADV4	ALCH-ADV4-TTP1-A	Primary Tumor	ALCH-ADV4-TTP1-A-1-0-R-A583-41	mRNA-Seq
ALCH-B1UR	ALCH-B1UR-TTP1-A	Primary Tumor	ALCH-B1UR-TTP1-A-2-0-R-A778-41	mRNA-Seq
ALCH-B2CX	ALCH-B2CX-TTP1-A	Primary Tumor	ALCH-B2CX-TTP1-A-1-0-R-A77L-41	mRNA-Seq
ALCH-B2XS	ALCH-B2XS-TTP1-A	FFPE Scrolls	ALCH-B2XS-TTP1-A-5-0-R-A77L-41	mRNA-Seq
ALCH-B1RG	ALCH-B1RG-TTP1-A	Primary Tumor	ALCH-B1RG-TTP1-A-2-0-R-A778-41	mRNA-Seq
ALCH-B05A	ALCH-B05A-TTP1-A	FFPE Scrolls	ALCH-B05A-TTP1-A-1-0-R-A659-41	mRNA-Seq
ALCH-B24G	ALCH-B24G-TTP1-A	Primary Tumor	ALCH-B24G-TTP1-A-1-0-R-A77A-41	mRNA-Seq
ALCH-ACGD	ALCH-ACGD-TTP1-A	Primary Tumor	ALCH-ACGD-TTP1-A-1-0-R-A555-41	mRNA-Seq
ALCH-B1QE	ALCH-B1QE-TTP1-A	Primary Tumor	ALCH-B1QE-TTP1-A-1-0-R-A778-41	mRNA-Seq
ALCH-B2DZ	ALCH-B2DZ-TTP1-A	Primary Tumor	ALCH-B2DZ-TTP1-A-1-0-R-A77Q-41	mRNA-Seq
ALCH-ABI7	ALCH-ABI7-TTP1-A	Primary Tumor	ALCH-ABI7-TTP1-A-1-0-R-A560-41	mRNA-Seq
ALCH-ABD0	ALCH-ABD0-TTP1-A	Primary Tumor	ALCH-ABD0-TTP1-A-1-0-R-A559-41	mRNA-Seq
ALCH-AFDX	ALCH-AFDX-TTP1-A	FFPE Scrolls	ALCH-AFDX-TTP1-A-1-0-R-A637-41	mRNA-Seq
ALCH-ACGI	ALCH-ACGI-TTP1-A	Primary Tumor	ALCH-ACGI-TTP1-A-3-0-R-A555-41	mRNA-Seq
ALCH-AEG4	ALCH-AEG4-TTP1-A	FFPE Scrolls	ALCH-AEG4-TTP1-A-1-0-R-A597-41	mRNA-Seq
ALCH-B2DR	ALCH-B2DR-TTP1-A	Primary Tumor	ALCH-B2DR-TTP1-A-1-0-R-A77L-41	mRNA-Seq
ALCH-B219	ALCH-B219-TTP1-A	Primary Tumor	ALCH-B219-TTP1-A-1-0-R-A77A-41	mRNA-Seq
ALCH-B27G	ALCH-B27G-TTP1-A	Primary Tumor	ALCH-B27G-TTP1-A-1-0-R-A77B-41	mRNA-Seq
ALCH-B1VL	ALCH-B1VL-TTP1-A	Primary Tumor	ALCH-B1VL-TTP1-A-1-0-R-A778-41	mRNA-Seq
ALCH-B1NJ	ALCH-B1NJ-TTP1-A	Primary Tumor	ALCH-B1NJ-TTP1-A-2-0-R-A779-41	mRNA-Seq
ALCH-AC3Q	ALCH-AC3Q-TTP1-A	FFPE Scrolls	ALCH-AC3Q-TTP1-A-1-0-R-A562-41	mRNA-Seq
ALCH-B1M9	ALCH-B1M9-TTP1-A	Primary Tumor	ALCH-B1M9-TTP1-A-1-0-R-A779-41	mRNA-Seq
ALCH-AEFI	ALCH-AEFI-TTP1-A	Primary Tumor	ALCH-AEFI-TTP1-A-1-0-R-A619-41	mRNA-Seq
ALCH-AFE2	ALCH-AFE2-TTP1-A	Primary Tumor	ALCH-AFE2-TTP1-A-1-0-R-A681-41	mRNA-Seq
ALCH-AENL	ALCH-AENL-TTP1-A	Primary Tumor	ALCH-AENL-TTP1-A-1-0-R-A637-41	mRNA-Seq
ALCH-ABN5	ALCH-ABN5-TTP1-A	Primary Tumor	ALCH-ABN5-TTP1-A-1-0-R-A560-41	mRNA-Seq
ALCH-B2LM	ALCH-B2LM-TTP1-A	FFPE Scrolls	ALCH-B2LM-TTP1-A-1-0-R-A77C-41	mRNA-Seq
ALCH-ABFB	ALCH-ABFB-TTP1-A	Primary Tumor	ALCH-ABFB-TTP1-A-1-0-R-A559-41	mRNA-Seq
ALCH-B27Z	ALCH-B27Z-TTP1-A	FFPE Scrolls	ALCH-B27Z-TTP1-A-1-0-R-A77B-41	mRNA-Seq
ALCH-ADBQ	ALCH-ADBQ-TTP1-A	Primary Tumor	ALCH-ADBQ-TTP1-A-1-0-R-A557-41	mRNA-Seq
ALCH-B25O	ALCH-B25O-TTP1-A	Primary Tumor	ALCH-B25O-TTP1-A-1-0-R-A77B-41	mRNA-Seq
ALCH-ABHZ	ALCH-ABHZ-TTP1-A	Primary Tumor	ALCH-ABHZ-TTP1-A-1-0-R-A560-41	mRNA-Seq
ALCH-AEO6	ALCH-AEO6-TTP1-A	Primary Tumor	ALCH-AEO6-TTP1-A-1-0-R-A637-41	mRNA-Seq
ALCH-ABBG	ALCH-ABBG-TTP1-A	Primary Tumor	ALCH-ABBG-TTP1-A-1-0-R-A559-41	mRNA-Seq
ALCH-B1OC	ALCH-B1OC-TTP1-A	FFPE Scrolls	ALCH-B1OC-TTP1-A-1-0-R-A708-41	mRNA-Seq
ALCH-AEJV	ALCH-AEJV-TTP1-A	Primary Tumor	ALCH-AEJV-TTP1-A-1-0-R-A638-41	mRNA-Seq
ALCH-B1XH	ALCH-B1XH-TTP1-A	Primary Tumor	ALCH-B1XH-TTP1-A-3-0-R-A77A-41	mRNA-Seq
ALCH-ACXU	ALCH-ACXU-TTP1-A	FFPE Scrolls	ALCH-ACXU-TTP1-A-1-0-R-A556-41	mRNA-Seq
ALCH-ADZR	ALCH-ADZR-TTP1-A	Primary Tumor	ALCH-ADZR-TTP1-A-1-0-R-A606-41	mRNA-Seq
ALCH-AEDR	ALCH-AEDR-TTP1-A	Primary Tumor	ALCH-AEDR-TTP1-A-1-0-R-A619-41	mRNA-Seq
ALCH-B1X3	ALCH-B1X3-TTP1-A	FFPE Scrolls	ALCH-B1X3-TTP1-A-1-0-R-A778-41	mRNA-Seq
ALCH-ADU4	ALCH-ADU4-TTP1-A	Primary Tumor	ALCH-ADU4-TTP1-A-1-0-R-A583-41	mRNA-Seq
ALCH-ADI8	ALCH-ADI8-TTP1-A	FFPE Scrolls	ALCH-ADI8-TTP1-A-1-0-R-A557-41	mRNA-Seq
ALCH-B2TH	ALCH-B2TH-TTP1-A	FFPE Scrolls	ALCH-B2TH-TTP1-A-1-0-R-A77L-41	mRNA-Seq
ALCH-AEK4	ALCH-AEK4-TTP1-A	Primary Tumor	ALCH-AEK4-TTP1-A-1-0-R-A638-41	mRNA-Seq
ALCH-B27L	ALCH-B27L-TTP1-A	Primary Tumor	ALCH-B27L-TTP1-A-1-0-R-A77B-41	mRNA-Seq
ALCH-ADNN	ALCH-ADNN-TTP1-A	Primary Tumor	ALCH-ADNN-TTP1-A-1-0-R-A566-41	mRNA-Seq
ALCH-ACHE	ALCH-ACHE-TTP1-A	Primary Tumor	ALCH-ACHE-TTP1-A-2-0-R-A556-41	mRNA-Seq
ALCH-B2CL	ALCH-B2CL-TTP1-A	FFPE Scrolls	ALCH-B2CL-TTP1-A-6-0-R-A77C-41	mRNA-Seq
ALCH-ADRM	ALCH-ADRM-TTP1-A	Primary Tumor	ALCH-ADRM-TTP1-A-2-0-R-A583-41	mRNA-Seq
ALCH-AD0P	ALCH-AD0P-TTP1-A	FFPE Scrolls	ALCH-AD0P-TTP1-A-1-0-R-A556-41	mRNA-Seq
ALCH-AEJO	ALCH-AEJO-TTP1-A	Primary Tumor	ALCH-AEJO-TTP1-A-1-0-R-A619-41	mRNA-Seq
ALCH-ACGN	ALCH-ACGN-TTP1-A	FFPE Scrolls	ALCH-ACGN-TTP1-A-2-0-R-A555-41	mRNA-Seq
ALCH-AEL9	ALCH-AEL9-TTP1-A	Primary Tumor	ALCH-AEL9-TTP1-A-1-0-R-A638-41	mRNA-Seq
ALCH-ADUK	ALCH-ADUK-TTP1-A	FFPE Scrolls	ALCH-ADUK-TTP1-A-1-0-R-A607-41	mRNA-Seq
ALCH-B2DB	ALCH-B2DB-TTP1-A	Primary Tumor	ALCH-B2DB-TTP1-A-1-0-R-A77Q-41	mRNA-Seq
ALCH-AD88	ALCH-AD88-TTP1-A	FFPE Scrolls	ALCH-AD88-TTP1-A-1-0-R-A556-41	mRNA-Seq
ALCH-B2UI	ALCH-B2UI-TTP1-A	FFPE Scrolls	ALCH-B2UI-TTP1-A-1-0-R-A77L-41	mRNA-Seq
ALCH-ACGE	ALCH-ACGE-TTR1-A	FFPE Recurrent	ALCH-ACGE-TTR1-A-1-0-R-A637-41	mRNA-Seq
ALCH-B2X1	ALCH-B2X1-TTP1-A	FFPE Scrolls	ALCH-B2X1-TTP1-A-1-0-R-A77L-41	mRNA-Seq
ALCH-ABOS	ALCH-ABOS-TTP1-B	Primary Tumor	ALCH-ABOS-TTP1-B-1-0-R-A561-41	mRNA-Seq
ALCH-AES7	ALCH-AES7-TTP1-A	FFPE Scrolls	ALCH-AES7-TTP1-A-1-0-R-A619-41	mRNA-Seq
ALCH-ABFH	ALCH-ABFH-TTP1-A	Primary Tumor	ALCH-ABFH-TTP1-A-2-0-R-A559-41	mRNA-Seq
ALCH-ADTN	ALCH-ADTN-TTP1-A	Primary Tumor	ALCH-ADTN-TTP1-A-1-0-R-A583-41	mRNA-Seq
ALCH-B1JL	ALCH-B1JL-TTP1-A	FFPE Scrolls	ALCH-B1JL-TTP1-A-1-0-R-A707-41	mRNA-Seq
ALCH-ADO5	ALCH-ADO5-TTP1-A	Primary Tumor	ALCH-ADO5-TTP1-A-1-0-R-A711-41	mRNA-Seq
ALCH-B1LM	ALCH-B1LM-TTP1-A	FFPE Scrolls	ALCH-B1LM-TTP1-A-1-0-R-A708-41	mRNA-Seq
ALCH-B060	ALCH-B060-TTP1-A	Primary Tumor	ALCH-B060-TTP1-A-2-0-R-A682-41	mRNA-Seq
ALCH-B2E0	ALCH-B2E0-TTP1-A	Primary Tumor	ALCH-B2E0-TTP1-A-1-0-R-A77L-41	mRNA-Seq
ALCH-AEJE	ALCH-AEJE-TTP1-A	Primary Tumor	ALCH-AEJE-TTP1-A-1-0-R-A619-41	mRNA-Seq
ALCH-B018	ALCH-B018-TTP1-A	Primary Tumor	ALCH-B018-TTP1-A-1-0-R-A681-41	mRNA-Seq
ALCH-ABEM	ALCH-ABEM-TTP1-A	Primary Tumor	ALCH-ABEM-TTP1-A-1-0-R-A559-41	mRNA-Seq
ALCH-ABO3	ALCH-ABO3-TTP1-A	Primary Tumor	ALCH-ABO3-TTP1-A-1-0-R-A560-41	mRNA-Seq
ALCH-B2C8	ALCH-B2C8-TTP1-A	Primary Tumor	ALCH-B2C8-TTP1-A-1-0-R-A77L-41	mRNA-Seq
ALCH-ABFW	ALCH-ABFW-TTP1-A	Primary Tumor	ALCH-ABFW-TTP1-A-1-0-R-A560-41	mRNA-Seq
ALCH-B1OH	ALCH-B1OH-TTP1-A	Primary Tumor	ALCH-B1OH-TTP1-A-1-0-R-A779-41	mRNA-Seq
ALCH-AEPL	ALCH-AEPL-TTP1-A	Primary Tumor	ALCH-AEPL-TTP1-A-1-0-R-A637-41	mRNA-Seq
ALCH-AFAW	ALCH-AFAW-TTP1-A	Primary Tumor	ALCH-AFAW-TTP1-A-1-0-R-A666-41	mRNA-Seq
ALCH-B2V1	ALCH-B2V1-TTP1-A	FFPE Scrolls	ALCH-B2V1-TTP1-A-2-0-R-A77L-41	mRNA-Seq
ALCH-AC5P	ALCH-AC5P-TTP1-A	FFPE Scrolls	ALCH-AC5P-TTP1-A-5-0-R-A562-41	mRNA-Seq
ALCH-ADYE	ALCH-ADYE-TTP1-A	FFPE Scrolls	ALCH-ADYE-TTP1-A-1-0-R-A558-41	mRNA-Seq
ALCH-B1JJ	ALCH-B1JJ-TTP1-A	Primary Tumor	ALCH-B1JJ-TTP1-A-1-0-R-A707-41	mRNA-Seq
ALCH-B1PG	ALCH-B1PG-TTP1-A	Primary Tumor	ALCH-B1PG-TTP1-A-1-0-R-A779-41	mRNA-Seq
ALCH-B1NK	ALCH-B1NK-TTP1-A	Primary Tumor	ALCH-B1NK-TTP1-A-1-0-R-A779-41	mRNA-Seq
ALCH-ABIT	ALCH-ABIT-TTP1-A	Primary Tumor	ALCH-ABIT-TTP1-A-1-0-R-A560-41	mRNA-Seq
ALCH-B1OP	ALCH-B1OP-TTP1-A	Primary Tumor	ALCH-B1OP-TTP1-A-1-0-R-A779-41	mRNA-Seq
ALCH-B34J	ALCH-B34J-TTP1-A	FFPE Scrolls	ALCH-B34J-TTP1-A-4-0-R-A77L-41	mRNA-Seq
ALCH-ABBV	ALCH-ABBV-TTP1-A	Primary Tumor	ALCH-ABBV-TTP1-A-1-0-R-A559-41	mRNA-Seq
ALCH-ADG7	ALCH-ADG7-TTP1-A	Primary Tumor	ALCH-ADG7-TTP1-A-1-0-R-A711-41	mRNA-Seq
ALCH-B1L2	ALCH-B1L2-TTP1-A	Primary Tumor	ALCH-B1L2-TTP1-A-2-0-R-A779-41	mRNA-Seq
ALCH-B2EM	ALCH-B2EM-TTP1-A	FFPE Scrolls	ALCH-B2EM-TTP1-A-1-0-R-A77C-41	mRNA-Seq
ALCH-AEJL	ALCH-AEJL-TTP1-A	FFPE Scrolls	ALCH-AEJL-TTP1-A-1-0-R-A76O-41	mRNA-Seq
ALCH-ABX1	ALCH-ABX1-TTP1-A	Primary Tumor	ALCH-ABX1-TTP1-A-1-0-R-A561-41	mRNA-Seq
ALCH-ABNY	ALCH-ABNY-TTP1-A	Primary Tumor	ALCH-ABNY-TTP1-A-1-0-R-A560-41	mRNA-Seq
ALCH-B1PS	ALCH-B1PS-TTP1-A	Primary Tumor	ALCH-B1PS-TTP1-A-1-0-R-A779-41	mRNA-Seq
ALCH-AD0V	ALCH-AD0V-TTP1-A	FFPE Scrolls	ALCH-AD0V-TTP1-A-1-0-R-A556-41	mRNA-Seq
ALCH-AE0F	ALCH-AE0F-TTP1-A	Primary Tumor	ALCH-AE0F-TTP1-A-1-0-R-A606-41	mRNA-Seq
ALCH-B20T	ALCH-B20T-TTP1-A	Primary Tumor	ALCH-B20T-TTP1-A-1-0-R-A77A-41	mRNA-Seq
ALCH-ADYM	ALCH-ADYM-TTP1-A	FFPE Scrolls	ALCH-ADYM-TTP1-A-1-0-R-A659-41	mRNA-Seq
ALCH-B022	ALCH-B022-TTP1-A	FFPE Scrolls	ALCH-B022-TTP1-A-1-0-R-A659-41	mRNA-Seq
ALCH-B06L	ALCH-B06L-TTP1-A	Primary Tumor	ALCH-B06L-TTP1-A-2-0-R-A682-41	mRNA-Seq
ALCH-ABYK	ALCH-ABYK-TTP1-A	FFPE Scrolls	ALCH-ABYK-TTP1-A-2-0-R-A562-41	mRNA-Seq
ALCH-ACG4	ALCH-ACG4-TTP1-A	Primary Tumor	ALCH-ACG4-TTP1-A-1-0-R-A555-41	mRNA-Seq
ALCH-AERG	ALCH-AERG-TTP1-A	Primary Tumor	ALCH-AERG-TTP1-A-1-0-R-A637-41	mRNA-Seq
ALCH-ABFD	ALCH-ABFD-TTP1-A	Primary Tumor	ALCH-ABFD-TTP1-A-1-0-R-A559-41	mRNA-Seq
ALCH-ADA6	ALCH-ADA6-TTP1-A	Primary Tumor	ALCH-ADA6-TTP1-A-1-0-R-A557-41	mRNA-Seq
ALCH-AF3V	ALCH-AF3V-TTP1-A	Primary Tumor	ALCH-AF3V-TTP1-A-1-0-R-A659-41	mRNA-Seq
ALCH-B1TQ	ALCH-B1TQ-TTP1-A	Primary Tumor	ALCH-B1TQ-TTP1-A-1-0-R-A778-41	mRNA-Seq
ALCH-B0D7	ALCH-B0D7-TTP1-A	FFPE Scrolls	ALCH-B0D7-TTP1-A-1-0-R-A696-41	mRNA-Seq
ALCH-ABXV	ALCH-ABXV-TTP1-A	Primary Tumor	ALCH-ABXV-TTP1-A-1-0-R-A561-41	mRNA-Seq
ALCH-B1WE	ALCH-B1WE-TTP1-A	Primary Tumor	ALCH-B1WE-TTP1-A-1-0-R-A778-41	mRNA-Seq
ALCH-B02O	ALCH-B02O-TTP1-A	Primary Tumor	ALCH-B02O-TTP1-A-1-0-R-A681-41	mRNA-Seq
ALCH-B0D0	ALCH-B0D0-TTP1-A	Primary Tumor	ALCH-B0D0-TTP1-A-1-0-R-A696-41	mRNA-Seq
ALCH-AC0R	ALCH-AC0R-TTP1-A	Primary Tumor	ALCH-AC0R-TTP1-A-1-0-R-A562-41	mRNA-Seq
ALCH-AD9T	ALCH-AD9T-TTP1-A	Primary Tumor	ALCH-AD9T-TTP1-A-1-0-R-A557-41	mRNA-Seq
ALCH-AENI	ALCH-AENI-TTP1-A	Primary Tumor	ALCH-AENI-TTP1-A-1-0-R-A637-41	mRNA-Seq
ALCH-ACGB	ALCH-ACGB-TTP1-A	Primary Tumor	ALCH-ACGB-TTP1-A-1-0-R-A555-41	mRNA-Seq
ALCH-AE96	ALCH-AE96-TTP1-A	Primary Tumor	ALCH-AE96-TTP1-A-2-0-R-A638-41	mRNA-Seq
ALCH-AEYZ	ALCH-AEYZ-TTP1-A	Primary Tumor	ALCH-AEYZ-TTP1-A-2-0-R-A681-41	mRNA-Seq
ALCH-AD0U	ALCH-AD0U-TTP1-A	Primary Tumor	ALCH-AD0U-TTP1-A-1-0-R-A556-41	mRNA-Seq
ALCH-AEJY	ALCH-AEJY-TTP1-A	Primary Tumor	ALCH-AEJY-TTP1-A-1-0-R-A638-41	mRNA-Seq
ALCH-B2C3	ALCH-B2C3-TTP1-A	Primary Tumor	ALCH-B2C3-TTP1-A-1-0-R-A77L-41	mRNA-Seq
ALCH-B1JF	ALCH-B1JF-TTP1-A	Primary Tumor	ALCH-B1JF-TTP1-A-1-0-R-A779-41	mRNA-Seq
ALCH-AD30	ALCH-AD30-TTP1-A	Primary Tumor	ALCH-AD30-TTP1-A-1-0-R-A556-41	mRNA-Seq
ALCH-AFA2	ALCH-AFA2-TTP1-A	Primary Tumor	ALCH-AFA2-TTP1-A-1-0-R-A659-41	mRNA-Seq
ALCH-ABIF	ALCH-ABIF-TTP1-A	Primary Tumor	ALCH-ABIF-TTP1-A-1-0-R-A560-41	mRNA-Seq
ALCH-AE87	ALCH-AE87-TTP1-A	Primary Tumor	ALCH-AE87-TTP1-A-1-0-R-A607-41	mRNA-Seq
ALCH-AEJ7	ALCH-AEJ7-TTP1-A	Primary Tumor	ALCH-AEJ7-TTP1-A-1-0-R-A638-41	mRNA-Seq
ALCH-AEF1	ALCH-AEF1-TTP1-A	Primary Tumor	ALCH-AEF1-TTP1-A-1-0-R-A607-41	mRNA-Seq
ALCH-AD7F	ALCH-AD7F-TTP1-A	FFPE Scrolls	ALCH-AD7F-TTP1-A-1-0-R-A588-41	mRNA-Seq
ALCH-ABYZ	ALCH-ABYZ-TTP1-A	Primary Tumor	ALCH-ABYZ-TTP1-A-1-0-R-A562-41	mRNA-Seq
ALCH-AE0O	ALCH-AE0O-TTP1-A	Primary Tumor	ALCH-AE0O-TTP1-A-1-0-R-A606-41	mRNA-Seq
ALCH-AEYM	ALCH-AEYM-TTP1-A	Primary Tumor	ALCH-AEYM-TTP1-A-1-0-R-A659-41	mRNA-Seq
ALCH-B3AR	ALCH-B3AR-TTP1-A	FFPE Scrolls	ALCH-B3AR-TTP1-A-1-0-R-A781-41	mRNA-Seq
ALCH-AF4A	ALCH-AF4A-TTP1-A	Primary Tumor	ALCH-AF4A-TTP1-A-2-0-R-A681-41	mRNA-Seq
ALCH-AEBU	ALCH-AEBU-TTP1-A	Primary Tumor	ALCH-AEBU-TTP1-A-1-0-R-A619-41	mRNA-Seq
ALCH-ADNH	ALCH-ADNH-TTP1-A	Primary Tumor	ALCH-ADNH-TTP1-A-1-0-R-A566-41	mRNA-Seq
ALCH-ADNG	ALCH-ADNG-TTP1-A	Primary Tumor	ALCH-ADNG-TTP1-A-1-0-R-A566-41	mRNA-Seq
ALCH-AD3T	ALCH-AD3T-TTP1-A	Primary Tumor	ALCH-AD3T-TTP1-A-2-0-R-A557-41	mRNA-Seq
ALCH-ABZD	ALCH-ABZD-TTP1-A	FFPE Scrolls	ALCH-ABZD-TTP1-A-1-0-R-A562-41	mRNA-Seq
ALCH-ADS1	ALCH-ADS1-TTP1-A	Primary Tumor	ALCH-ADS1-TTP1-A-1-0-R-A583-41	mRNA-Seq
ALCH-AE8Y	ALCH-AE8Y-TTP1-A	Primary Tumor	ALCH-AE8Y-TTP1-A-1-0-R-A76O-41	mRNA-Seq
ALCH-AD99	ALCH-AD99-TTP1-A	Primary Tumor	ALCH-AD99-TTP1-A-1-0-R-A557-41	mRNA-Seq
ALCH-B1W6	ALCH-B1W6-TTP1-A	Primary Tumor	ALCH-B1W6-TTP1-A-2-0-R-A778-41	mRNA-Seq
ALCH-AF3F	ALCH-AF3F-TTP1-A	FFPE Scrolls	ALCH-AF3F-TTP1-A-2-0-R-A638-41	mRNA-Seq
ALCH-ADWK	ALCH-ADWK-TTP1-A	Primary Tumor	ALCH-ADWK-TTP1-A-1-0-R-A606-41	mRNA-Seq
ALCH-B289	ALCH-B289-TTR1-A	FFPE Recurrent	ALCH-B289-TTR1-A-1-0-R-A80H-41	mRNA-Seq
ALCH-B0FE	ALCH-B0FE-TTP1-A	Primary Tumor	ALCH-B0FE-TTP1-A-1-0-R-A707-41	mRNA-Seq
ALCH-ABUE	ALCH-ABUE-TTP1-A	Primary Tumor	ALCH-ABUE-TTP1-A-1-0-R-A555-41	mRNA-Seq
ALCH-B1L0	ALCH-B1L0-TTP1-A	Primary Tumor	ALCH-B1L0-TTP1-A-1-0-R-A779-41	mRNA-Seq
ALCH-ADU1	ALCH-ADU1-TTP1-A	FFPE Scrolls	ALCH-ADU1-TTP1-A-1-0-R-A711-41	mRNA-Seq
ALCH-AEL0	ALCH-AEL0-TTP1-A	Primary Tumor	ALCH-AEL0-TTP1-A-1-0-R-A638-41	mRNA-Seq
ALCH-B05J	ALCH-B05J-TTP1-A	Primary Tumor	ALCH-B05J-TTP1-A-1-0-R-A682-41	mRNA-Seq
ALCH-B26R	ALCH-B26R-TTP1-A	Primary Tumor	ALCH-B26R-TTP1-A-1-0-R-A77B-41	mRNA-Seq
ALCH-B1LI	ALCH-B1LI-TTP1-A	Primary Tumor	ALCH-B1LI-TTP1-A-1-0-R-A779-41	mRNA-Seq
ALCH-ABMM	ALCH-ABMM-TTP1-A	Primary Tumor	ALCH-ABMM-TTP1-A-1-0-R-A560-41	mRNA-Seq
ALCH-AFDZ	ALCH-AFDZ-TTP1-A	Primary Tumor	ALCH-AFDZ-TTP1-A-1-0-R-A674-41	mRNA-Seq
ALCH-AC14	ALCH-AC14-TTP1-A	Primary Tumor	ALCH-AC14-TTP1-A-1-0-R-A562-41	mRNA-Seq
ALCH-AE6I	ALCH-AE6I-TTP1-A	Primary Tumor	ALCH-AE6I-TTP1-A-2-0-R-A638-41	mRNA-Seq
ALCH-B0AL	ALCH-B0AL-TTP1-A	Primary Tumor	ALCH-B0AL-TTP1-A-1-0-R-A682-41	mRNA-Seq
ALCH-AEKE	ALCH-AEKE-TTP1-A	FFPE Scrolls	ALCH-AEKE-TTP1-A-2-0-R-A637-41	mRNA-Seq
ALCH-ADYO	ALCH-ADYO-TTP1-A	Primary Tumor	ALCH-ADYO-TTP1-A-1-0-R-A606-41	mRNA-Seq
ALCH-ADTY	ALCH-ADTY-TTP1-A	Primary Tumor	ALCH-ADTY-TTP1-A-1-0-R-A583-41	mRNA-Seq
ALCH-B0DK	ALCH-B0DK-TTP1-A	Primary Tumor	ALCH-B0DK-TTP1-A-1-0-R-A696-41	mRNA-Seq
ALCH-ADU4	ALCH-ADU4-TTR1-A	FFPE Recurrent	ALCH-ADU4-TTR1-A-1-0-R-A637-41	mRNA-Seq
ALCH-AEJG	ALCH-AEJG-TTP1-A	Primary Tumor	ALCH-AEJG-TTP1-A-1-0-R-A638-41	mRNA-Seq
ALCH-ABMG	ALCH-ABMG-TTP1-A	Primary Tumor	ALCH-ABMG-TTP1-A-1-0-R-A560-41	mRNA-Seq
ALCH-ADHW	ALCH-ADHW-TTP1-A	FFPE Scrolls	ALCH-ADHW-TTP1-A-2-0-R-A557-41	mRNA-Seq
ALCH-B2OI	ALCH-B2OI-TTP1-A	Primary Tumor	ALCH-B2OI-TTP1-A-1-0-R-A781-41	mRNA-Seq
ALCH-AF1Y	ALCH-AF1Y-TTP1-A	Primary Tumor	ALCH-AF1Y-TTP1-A-1-0-R-A659-41	mRNA-Seq
ALCH-ADAA	ALCH-ADAA-TTP1-A	Primary Tumor	ALCH-ADAA-TTP1-A-1-0-R-A558-41	mRNA-Seq
ALCH-B1UD	ALCH-B1UD-TTP1-A	Primary Tumor	ALCH-B1UD-TTP1-A-1-0-R-A778-41	mRNA-Seq
ALCH-ADF8	ALCH-ADF8-TTP1-A	FFPE Scrolls	ALCH-ADF8-TTP1-A-1-0-R-A583-41	mRNA-Seq
ALCH-B1RX	ALCH-B1RX-TTP1-A	Primary Tumor	ALCH-B1RX-TTP1-A-2-0-R-A778-41	mRNA-Seq
ALCH-B20S	ALCH-B20S-TTP1-A	FFPE Scrolls	ALCH-B20S-TTP1-A-1-0-R-A77A-41	mRNA-Seq
ALCH-B2ST	ALCH-B2ST-TTP1-A	FFPE Scrolls	ALCH-B2ST-TTP1-A-4-0-R-A77L-41	mRNA-Seq
ALCH-ABC6	ALCH-ABC6-TTP1-A	Primary Tumor	ALCH-ABC6-TTP1-A-1-0-R-A559-41	mRNA-Seq
ALCH-B014	ALCH-B014-TTP1-A	Primary Tumor	ALCH-B014-TTP1-A-2-0-R-A701-41	mRNA-Seq
ALCH-B28B	ALCH-B28B-TTP1-A	Primary Tumor	ALCH-B28B-TTP1-A-1-0-R-A77B-41	mRNA-Seq
ALCH-B2D4	ALCH-B2D4-TTP1-A	FFPE Scrolls	ALCH-B2D4-TTP1-A-2-0-R-A77C-41	mRNA-Seq
ALCH-AE8K	ALCH-AE8K-TTP1-A	Primary Tumor	ALCH-AE8K-TTP1-A-1-0-R-A637-41	mRNA-Seq
ALCH-AD8A	ALCH-AD8A-TTP1-A	Primary Tumor	ALCH-AD8A-TTP1-A-1-0-R-A556-41	mRNA-Seq
ALCH-B042	ALCH-B042-TTP1-A	Primary Tumor	ALCH-B042-TTP1-A-1-0-R-A681-41	mRNA-Seq
ALCH-AE05	ALCH-AE05-TTP1-A	Primary Tumor	ALCH-AE05-TTP1-A-1-0-R-A606-41	mRNA-Seq
ALCH-ABFU	ALCH-ABFU-TTP1-A	FFPE Scrolls	ALCH-ABFU-TTP1-A-1-0-R-A560-41	mRNA-Seq
ALCH-B2P6	ALCH-B2P6-TTP1-A	Primary Tumor	ALCH-B2P6-TTP1-A-1-0-R-A781-41	mRNA-Seq
ALCH-ADZH	ALCH-ADZH-TTP1-A	Primary Tumor	ALCH-ADZH-TTP1-A-1-0-R-A606-41	mRNA-Seq
ALCH-AE0M	ALCH-AE0M-TTP1-A	FFPE Scrolls	ALCH-AE0M-TTP1-A-3-0-R-A558-41	mRNA-Seq
ALCH-B06I	ALCH-B06I-TTP1-A	Primary Tumor	ALCH-B06I-TTP1-A-1-0-R-A682-41	mRNA-Seq
ALCH-ABZX	ALCH-ABZX-TTP1-A	Primary Tumor	ALCH-ABZX-TTP1-A-1-0-R-A562-41	mRNA-Seq
ALCH-B01E	ALCH-B01E-TTP1-A	Primary Tumor	ALCH-B01E-TTP1-A-1-0-R-A681-41	mRNA-Seq
ALCH-AFJW	ALCH-AFJW-TTP1-A	Primary Tumor	ALCH-AFJW-TTP1-A-1-0-R-A681-41	mRNA-Seq
ALCH-B2PJ	ALCH-B2PJ-TTP1-A	Primary Tumor	ALCH-B2PJ-TTP1-A-1-0-R-A781-41	mRNA-Seq
ALCH-AEZF	ALCH-AEZF-TTP1-A	FFPE Scrolls	ALCH-AEZF-TTP1-A-2-0-R-A638-41	mRNA-Seq
ALCH-B1RL	ALCH-B1RL-TTP1-A	FFPE Scrolls	ALCH-B1RL-TTP1-A-1-0-R-A778-41	mRNA-Seq
ALCH-ABUZ	ALCH-ABUZ-TTP1-A	Primary Tumor	ALCH-ABUZ-TTP1-A-1-0-R-A561-41	mRNA-Seq
ALCH-AC6F	ALCH-AC6F-TTP1-A	Primary Tumor	ALCH-AC6F-TTP1-A-1-0-R-A563-41	mRNA-Seq
ALCH-ACXQ	ALCH-ACXQ-TTP1-A	Primary Tumor	ALCH-ACXQ-TTP1-A-1-0-R-A556-41	mRNA-Seq
ALCH-AEYP	ALCH-AEYP-TTP1-A	Primary Tumor	ALCH-AEYP-TTP1-A-3-0-R-A681-41	mRNA-Seq
ALCH-B1JH	ALCH-B1JH-TTP1-A	Primary Tumor	ALCH-B1JH-TTP1-A-1-0-R-A707-41	mRNA-Seq
ALCH-AC7L	ALCH-AC7L-TTR2-A	Slides	ALCH-AC7L-TTR2-A-12-0-R-A77Q-41	mRNA-Seq
ALCH-ABYW	ALCH-ABYW-TTP1-A	FFPE Scrolls	ALCH-ABYW-TTP1-A-1-0-R-A562-41	mRNA-Seq
ALCH-AEZJ	ALCH-AEZJ-TTP1-A	Primary Tumor	ALCH-AEZJ-TTP1-A-1-0-R-A659-41	mRNA-Seq
ALCH-AEJC	ALCH-AEJC-TTP1-B	FFPE Scrolls	ALCH-AEJC-TTP1-B-1-0-R-A666-41	mRNA-Seq
ALCH-AC11	ALCH-AC11-TTP1-A	Primary Tumor	ALCH-AC11-TTP1-A-7-0-R-A562-41	mRNA-Seq
ALCH-B2C4	ALCH-B2C4-TTP1-A	Primary Tumor	ALCH-B2C4-TTP1-A-1-0-R-A77L-41	mRNA-Seq
ALCH-ADNM	ALCH-ADNM-TTP1-A	Primary Tumor	ALCH-ADNM-TTP1-A-2-0-R-A583-41	mRNA-Seq
ALCH-AELU	ALCH-AELU-TTP1-A	Primary Tumor	ALCH-AELU-TTP1-A-1-0-R-A638-41	mRNA-Seq
ALCH-ABS9	ALCH-ABS9-TTP1-A	FFPE Scrolls	ALCH-ABS9-TTP1-A-1-0-R-A561-41	mRNA-Seq
ALCH-ABBH	ALCH-ABBH-TTP1-A	Primary Tumor	ALCH-ABBH-TTP1-A-1-0-R-A559-41	mRNA-Seq
ALCH-ACWN	ALCH-ACWN-TTP1-A	Primary Tumor	ALCH-ACWN-TTP1-A-1-0-R-A555-41	mRNA-Seq
ALCH-AC0T	ALCH-AC0T-TTP1-A	Primary Tumor	ALCH-AC0T-TTP1-A-1-0-R-A562-41	mRNA-Seq
ALCH-B2DE	ALCH-B2DE-TTP1-A	Primary Tumor	ALCH-B2DE-TTP1-A-1-0-R-A77C-41	mRNA-Seq
ALCH-ABFC	ALCH-ABFC-TTP1-A	Primary Tumor	ALCH-ABFC-TTP1-A-1-0-R-A559-41	mRNA-Seq
ALCH-ACG1	ALCH-ACG1-TTP1-A	FFPE Scrolls	ALCH-ACG1-TTP1-A-1-0-R-A555-41	mRNA-Seq
ALCH-ADUN	ALCH-ADUN-TTP1-A	Primary Tumor	ALCH-ADUN-TTP1-A-1-0-R-A606-41	mRNA-Seq
ALCH-AE6A	ALCH-AE6A-TTP1-A	Primary Tumor	ALCH-AE6A-TTP1-A-1-0-R-A606-41	mRNA-Seq
ALCH-B1RA	ALCH-B1RA-TTP1-A	Primary Tumor	ALCH-B1RA-TTP1-A-1-0-R-A778-41	mRNA-Seq
ALCH-ABZ0	ALCH-ABZ0-TTP1-A	Primary Tumor	ALCH-ABZ0-TTP1-A-1-0-R-A562-41	mRNA-Seq
ALCH-B20W	ALCH-B20W-TTP1-A	Primary Tumor	ALCH-B20W-TTP1-A-1-0-R-A77A-41	mRNA-Seq
ALCH-ABMX	ALCH-ABMX-TTP1-A	Primary Tumor	ALCH-ABMX-TTP1-A-1-0-R-A560-41	mRNA-Seq
ALCH-ADG5	ALCH-ADG5-TTP1-A	Primary Tumor	ALCH-ADG5-TTP1-A-1-0-R-A558-41	mRNA-Seq
ALCH-ABXA	ALCH-ABXA-TTR1-A	Recurrent Tumor	ALCH-ABXA-TTR1-A-1-0-R-A76O-41	mRNA-Seq
ALCH-B0B2	ALCH-B0B2-TTP1-A	Primary Tumor	ALCH-B0B2-TTP1-A-1-0-R-A682-41	mRNA-Seq
ALCH-B1Y4	ALCH-B1Y4-TTP1-A	Primary Tumor	ALCH-B1Y4-TTP1-A-1-0-R-A77A-41	mRNA-Seq
ALCH-AEQP	ALCH-AEQP-TTP1-A	Primary Tumor	ALCH-AEQP-TTP1-A-1-0-R-A637-41	mRNA-Seq
ALCH-AEQM	ALCH-AEQM-TTP1-A	Primary Tumor	ALCH-AEQM-TTP1-A-1-0-R-A666-41	mRNA-Seq
ALCH-B1ZU	ALCH-B1ZU-TTP1-A	Primary Tumor	ALCH-B1ZU-TTP1-A-2-0-R-A77A-41	mRNA-Seq
ALCH-ABBH	ALCH-ABBH-TTR1-A	Slides	ALCH-ABBH-TTR1-A-12-0-R-A619-41	mRNA-Seq
ALCH-ABEX	ALCH-ABEX-TTP1-A	Primary Tumor	ALCH-ABEX-TTP1-A-1-0-R-A559-41	mRNA-Seq
ALCH-ADGE	ALCH-ADGE-TTP1-A	Primary Tumor	ALCH-ADGE-TTP1-A-1-0-R-A659-41	mRNA-Seq
ALCH-B2A2	ALCH-B2A2-TTP1-B	Primary Tumor	ALCH-B2A2-TTP1-B-1-0-R-A77C-41	mRNA-Seq
ALCH-AERZ	ALCH-AERZ-TTP1-A	Primary Tumor	ALCH-AERZ-TTP1-A-1-0-R-A659-41	mRNA-Seq
ALCH-AEYO	ALCH-AEYO-TTP1-A	Primary Tumor	ALCH-AEYO-TTP1-A-1-0-R-A659-41	mRNA-Seq
ALCH-B2O7	ALCH-B2O7-TTP1-A	Primary Tumor	ALCH-B2O7-TTP1-A-1-0-R-A781-41	mRNA-Seq
ALCH-B2X6	ALCH-B2X6-TTP1-A	FFPE Scrolls	ALCH-B2X6-TTP1-A-1-0-R-A77L-41	mRNA-Seq
ALCH-B059	ALCH-B059-TTP1-A	Primary Tumor	ALCH-B059-TTP1-A-1-0-R-A682-41	mRNA-Seq
ALCH-B20L	ALCH-B20L-TTP1-A	Primary Tumor	ALCH-B20L-TTP1-A-1-0-R-A77A-41	mRNA-Seq
ALCH-AFFW	ALCH-AFFW-TTP1-A	FFPE Scrolls	ALCH-AFFW-TTP1-A-1-0-R-A637-41	mRNA-Seq
ALCH-ADTA	ALCH-ADTA-TTP1-A	Primary Tumor	ALCH-ADTA-TTP1-A-1-0-R-A583-41	mRNA-Seq
ALCH-B1OS	ALCH-B1OS-TTP1-A	Primary Tumor	ALCH-B1OS-TTP1-A-1-0-R-A779-41	mRNA-Seq
ALCH-AD8B	ALCH-AD8B-TTP1-A	Primary Tumor	ALCH-AD8B-TTP1-A-1-0-R-A557-41	mRNA-Seq
ALCH-AD2Z	ALCH-AD2Z-TTP1-A	Primary Tumor	ALCH-AD2Z-TTP1-A-1-0-R-A556-41	mRNA-Seq
ALCH-B24L	ALCH-B24L-TTP1-A	Primary Tumor	ALCH-B24L-TTP1-A-1-0-R-A77A-41	mRNA-Seq
ALCH-ADBH	ALCH-ADBH-TTP1-A	Primary Tumor	ALCH-ADBH-TTP1-A-3-0-R-A566-41	mRNA-Seq
ALCH-AELE	ALCH-AELE-TTP1-A	Primary Tumor	ALCH-AELE-TTP1-A-1-0-R-A638-41	mRNA-Seq
ALCH-AEEO	ALCH-AEEO-TTP1-A	Primary Tumor	ALCH-AEEO-TTP1-A-1-0-R-A76O-41	mRNA-Seq
ALCH-AFFU	ALCH-AFFU-TTP1-A	Primary Tumor	ALCH-AFFU-TTP1-A-1-0-R-A659-41	mRNA-Seq
ALCH-B1RW	ALCH-B1RW-TTP1-A	FFPE Scrolls	ALCH-B1RW-TTP1-A-1-0-R-A708-41	mRNA-Seq
ALCH-B1PE	ALCH-B1PE-TTP1-A	Primary Tumor	ALCH-B1PE-TTP1-A-1-0-R-A779-41	mRNA-Seq
ALCH-AFDV	ALCH-AFDV-TTP1-A	Primary Tumor	ALCH-AFDV-TTP1-A-1-0-R-A666-41	mRNA-Seq
ALCH-AC7P	ALCH-AC7P-TTP1-A	FFPE Scrolls	ALCH-AC7P-TTP1-A-1-0-R-A563-41	mRNA-Seq
ALCH-ADX9	ALCH-ADX9-TTP1-A	Primary Tumor	ALCH-ADX9-TTP1-A-1-0-R-A619-41	mRNA-Seq
ALCH-B054	ALCH-B054-TTP1-A	Primary Tumor	ALCH-B054-TTP1-A-1-0-R-A682-41	mRNA-Seq
ALCH-B0CN	ALCH-B0CN-TTP1-A	FFPE Scrolls	ALCH-B0CN-TTP1-A-2-0-R-A696-41	mRNA-Seq
ALCH-ADPO	ALCH-ADPO-TTP1-A	Primary Tumor	ALCH-ADPO-TTP1-A-1-0-R-A583-41	mRNA-Seq
ALCH-B1TE	ALCH-B1TE-TTP1-A	Primary Tumor	ALCH-B1TE-TTP1-A-1-0-R-A778-41	mRNA-Seq
ALCH-AE89	ALCH-AE89-TTP1-A	Primary Tumor	ALCH-AE89-TTP1-A-1-0-R-A659-41	mRNA-Seq
ALCH-AEO1	ALCH-AEO1-TTP1-A	Primary Tumor	ALCH-AEO1-TTP1-A-3-0-R-A681-41	mRNA-Seq
ALCH-AE20	ALCH-AE20-TTP1-A	Primary Tumor	ALCH-AE20-TTP1-A-1-0-R-A588-41	mRNA-Seq
ALCH-AE7X	ALCH-AE7X-TTP1-A	FFPE Scrolls	ALCH-AE7X-TTP1-A-1-0-R-A76O-41	mRNA-Seq
ALCH-ABIE	ALCH-ABIE-TTP1-A	Primary Tumor	ALCH-ABIE-TTP1-A-1-0-R-A560-41	mRNA-Seq
ALCH-AFA1	ALCH-AFA1-TTR1-A	FFPE Recurrent	ALCH-AFA1-TTR1-A-1-0-R-A77D-41	mRNA-Seq
ALCH-AEMW	ALCH-AEMW-TTP1-A	Primary Tumor	ALCH-AEMW-TTP1-A-1-0-R-A637-41	mRNA-Seq
ALCH-ABWD	ALCH-ABWD-TTP1-A	Primary Tumor	ALCH-ABWD-TTP1-A-1-0-R-A76O-41	mRNA-Seq
ALCH-B0GX	ALCH-B0GX-TTP1-A	Primary Tumor	ALCH-B0GX-TTP1-A-1-0-R-A707-41	mRNA-Seq
ALCH-AEJM	ALCH-AEJM-TTP1-A	Primary Tumor	ALCH-AEJM-TTP1-A-1-0-R-A619-41	mRNA-Seq
ALCH-AC7J	ALCH-AC7J-TTP1-A	Primary Tumor	ALCH-AC7J-TTP1-A-1-0-R-A563-41	mRNA-Seq
ALCH-B21Y	ALCH-B21Y-TTP1-A	FFPE Scrolls	ALCH-B21Y-TTP1-A-1-0-R-A77A-41	mRNA-Seq
ALCH-B1IR	ALCH-B1IR-TTP1-A	Primary Tumor	ALCH-B1IR-TTP1-A-1-0-R-A707-41	mRNA-Seq
ALCH-AEUT	ALCH-AEUT-TTP1-A	Primary Tumor	ALCH-AEUT-TTP1-A-2-0-R-A666-41	mRNA-Seq
ALCH-ACI8	ALCH-ACI8-TTP1-A	Primary Tumor	ALCH-ACI8-TTP1-A-1-0-R-A606-41	mRNA-Seq
ALCH-AEFE	ALCH-AEFE-TTP1-A	Primary Tumor	ALCH-AEFE-TTP1-A-1-0-R-A619-41	mRNA-Seq
ALCH-AC8E	ALCH-AC8E-TTP1-A	Primary Tumor	ALCH-AC8E-TTP1-A-1-0-R-A555-41	mRNA-Seq
ALCH-B2OE	ALCH-B2OE-TTP1-A	Primary Tumor	ALCH-B2OE-TTP1-A-1-0-R-A781-41	mRNA-Seq
ALCH-ACXP	ALCH-ACXP-TTP1-A	FFPE Scrolls	ALCH-ACXP-TTP1-A-1-0-R-A556-41	mRNA-Seq
ALCH-B1Z0	ALCH-B1Z0-TTP1-A	Primary Tumor	ALCH-B1Z0-TTP1-A-1-0-R-A77A-41	mRNA-Seq
ALCH-ABC1	ALCH-ABC1-TTP1-A	Primary Tumor	ALCH-ABC1-TTP1-A-1-0-R-A559-41	mRNA-Seq
ALCH-AFJX	ALCH-AFJX-TTP1-A	Primary Tumor	ALCH-AFJX-TTP1-A-1-0-R-A666-41	mRNA-Seq
ALCH-AD8L	ALCH-AD8L-TTP1-A	FFPE Scrolls	ALCH-AD8L-TTP1-A-6-0-R-A557-41	mRNA-Seq
ALCH-ADGA	ALCH-ADGA-TTP1-A	FFPE Scrolls	ALCH-ADGA-TTP1-A-7-0-R-A557-41	mRNA-Seq
ALCH-B2OR	ALCH-B2OR-TTP1-A	Primary Tumor	ALCH-B2OR-TTP1-A-1-0-R-A781-41	mRNA-Seq
ALCH-ABYF	ALCH-ABYF-TTP1-A	Primary Tumor	ALCH-ABYF-TTP1-A-1-0-R-A562-41	mRNA-Seq
ALCH-B0EJ	ALCH-B0EJ-TTP1-A	FFPE Scrolls	ALCH-B0EJ-TTP1-A-1-0-R-A696-41	mRNA-Seq
ALCH-AF3E	ALCH-AF3E-TTP1-A	Primary Tumor	ALCH-AF3E-TTP1-A-1-0-R-A659-41	mRNA-Seq
ALCH-AC72	ALCH-AC72-TTP1-A	Primary Tumor	ALCH-AC72-TTP1-A-1-0-R-A563-41	mRNA-Seq
ALCH-B0DL	ALCH-B0DL-TTP1-A	Primary Tumor	ALCH-B0DL-TTP1-A-1-0-R-A696-41	mRNA-Seq
ALCH-AFDQ	ALCH-AFDQ-TTP1-A	Primary Tumor	ALCH-AFDQ-TTP1-A-1-0-R-A666-41	mRNA-Seq
ALCH-AEPM	ALCH-AEPM-TTP1-A	Primary Tumor	ALCH-AEPM-TTP1-A-1-0-R-A637-41	mRNA-Seq
ALCH-B1Q2	ALCH-B1Q2-TTP1-A	Primary Tumor	ALCH-B1Q2-TTP1-A-1-0-R-A779-41	mRNA-Seq
ALCH-AE6E	ALCH-AE6E-TTP1-A	Primary Tumor	ALCH-AE6E-TTP1-A-1-0-R-A606-41	mRNA-Seq
ALCH-B026	ALCH-B026-TTP1-A	FFPE Scrolls	ALCH-B026-TTP1-A-1-0-R-A637-41	mRNA-Seq
ALCH-AEE2	ALCH-AEE2-TTP1-A	Primary Tumor	ALCH-AEE2-TTP1-A-1-0-R-A619-41	mRNA-Seq
ALCH-B1NP	ALCH-B1NP-TTP1-A	Primary Tumor	ALCH-B1NP-TTP1-A-1-0-R-A779-41	mRNA-Seq
ALCH-B0AK	ALCH-B0AK-TTP1-A	Primary Tumor	ALCH-B0AK-TTP1-A-1-0-R-A682-41	mRNA-Seq
ALCH-AEQ9	ALCH-AEQ9-TTP1-A	Primary Tumor	ALCH-AEQ9-TTP1-A-1-0-R-A638-41	mRNA-Seq
ALCH-B2VX	ALCH-B2VX-TTP1-A	FFPE Scrolls	ALCH-B2VX-TTP1-A-1-0-R-A77Q-41	mRNA-Seq
ALCH-AEYQ	ALCH-AEYQ-TTP1-A	Primary Tumor	ALCH-AEYQ-TTP1-A-1-0-R-A674-41	mRNA-Seq
ALCH-AC0A	ALCH-AC0A-TTP1-A	Primary Tumor	ALCH-AC0A-TTP1-A-1-0-R-A562-41	mRNA-Seq
ALCH-B2LQ	ALCH-B2LQ-TTP1-A	FFPE Scrolls	ALCH-B2LQ-TTP1-A-1-0-R-A77C-41	mRNA-Seq
ALCH-AERD	ALCH-AERD-TTP1-A	Primary Tumor	ALCH-AERD-TTP1-A-1-0-R-A637-41	mRNA-Seq
ALCH-ABI9	ALCH-ABI9-TTP1-A	Primary Tumor	ALCH-ABI9-TTP1-A-7-0-R-A560-41	mRNA-Seq
ALCH-AD95	ALCH-AD95-TTP1-A	Primary Tumor	ALCH-AD95-TTP1-A-1-0-R-A556-41	mRNA-Seq
ALCH-ADXG	ALCH-ADXG-TTP1-A	Primary Tumor	ALCH-ADXG-TTP1-A-1-0-R-A606-41	mRNA-Seq
ALCH-AE7P	ALCH-AE7P-TTP1-A	FFPE Scrolls	ALCH-AE7P-TTP1-A-1-0-R-A597-41	mRNA-Seq
ALCH-ABWL	ALCH-ABWL-TTR1-A	FFPE Recurrent	ALCH-ABWL-TTR1-A-1-0-R-A708-41	mRNA-Seq
ALCH-AD6Y	ALCH-AD6Y-TTP1-A	FFPE Scrolls	ALCH-AD6Y-TTP1-A-1-0-R-A556-41	mRNA-Seq
ALCH-ADRF	ALCH-ADRF-TTP1-A	Primary Tumor	ALCH-ADRF-TTP1-A-2-0-R-A583-41	mRNA-Seq
ALCH-AFFJ	ALCH-AFFJ-TTP1-A	Primary Tumor	ALCH-AFFJ-TTP1-A-1-0-R-A659-41	mRNA-Seq
ALCH-B20P	ALCH-B20P-TTP1-A	Primary Tumor	ALCH-B20P-TTP1-A-1-0-R-A77A-41	mRNA-Seq
ALCH-B0CT	ALCH-B0CT-TTR1-A	FFPE Recurrent	ALCH-B0CT-TTR1-A-1-0-R-A77L-41	mRNA-Seq
ALCH-ADYS	ALCH-ADYS-TTP1-A	Primary Tumor	ALCH-ADYS-TTP1-A-1-0-R-A583-41	mRNA-Seq
ALCH-ADR5	ALCH-ADR5-TTP1-A	Primary Tumor	ALCH-ADR5-TTP1-A-3-0-R-A583-41	mRNA-Seq
ALCH-ABWI	ALCH-ABWI-TTP1-A	Primary Tumor	ALCH-ABWI-TTP1-A-1-0-R-A561-41	mRNA-Seq
ALCH-ACH2	ALCH-ACH2-TTP1-A	Primary Tumor	ALCH-ACH2-TTP1-A-2-0-R-A555-41	mRNA-Seq
ALCH-AERB	ALCH-AERB-TTP1-A	Primary Tumor	ALCH-AERB-TTP1-A-1-0-R-A637-41	mRNA-Seq
ALCH-B2O6	ALCH-B2O6-TTP1-A	Primary Tumor	ALCH-B2O6-TTP1-A-1-0-R-A781-41	mRNA-Seq
ALCH-B28R	ALCH-B28R-TTP1-A	Primary Tumor	ALCH-B28R-TTP1-A-1-0-R-A781-41	mRNA-Seq
ALCH-ABDK	ALCH-ABDK-TTP1-A	Primary Tumor	ALCH-ABDK-TTP1-A-1-0-R-A559-41	mRNA-Seq
ALCH-B2EJ	ALCH-B2EJ-TTP1-A	FFPE Scrolls	ALCH-B2EJ-TTP1-A-1-0-R-A77C-41	mRNA-Seq
ALCH-ACWF	ALCH-ACWF-TTP1-A	Primary Tumor	ALCH-ACWF-TTP1-A-2-0-R-A556-41	mRNA-Seq
ALCH-B0BD	ALCH-B0BD-TTP1-A	Primary Tumor	ALCH-B0BD-TTP1-A-2-0-R-A707-41	mRNA-Seq
ALCH-ADHZ	ALCH-ADHZ-TTP1-A	Primary Tumor	ALCH-ADHZ-TTP1-A-1-0-R-A557-41	mRNA-Seq
ALCH-ADNC	ALCH-ADNC-TTP1-A	Primary Tumor	ALCH-ADNC-TTP1-A-1-0-R-A566-41	mRNA-Seq
ALCH-AFDO	ALCH-AFDO-TTP1-A	Primary Tumor	ALCH-AFDO-TTP1-A-1-0-R-A659-41	mRNA-Seq
ALCH-AEOI	ALCH-AEOI-TTP1-A	Primary Tumor	ALCH-AEOI-TTP1-A-1-0-R-A659-41	mRNA-Seq
ALCH-AE10	ALCH-AE10-TTP1-A	Primary Tumor	ALCH-AE10-TTP1-A-1-0-R-A597-41	mRNA-Seq
ALCH-B03X	ALCH-B03X-TTP1-A	Primary Tumor	ALCH-B03X-TTP1-A-1-0-R-A681-41	mRNA-Seq
ALCH-B1NO	ALCH-B1NO-TTP1-A	Primary Tumor	ALCH-B1NO-TTP1-A-1-0-R-A779-41	mRNA-Seq
ALCH-ABI5	ALCH-ABI5-TTP1-A	Primary Tumor	ALCH-ABI5-TTP1-A-1-0-R-A560-41	mRNA-Seq
ALCH-ACX8	ALCH-ACX8-TTP1-A	Primary Tumor	ALCH-ACX8-TTP1-A-1-0-R-A555-41	mRNA-Seq
